,X10_K14,X10_K30,X15_K14,X15_K30,X20_K14,X20_K30,X30_K14,X30_K30,spread_days
60379,138.9244108,138.9244108,138.9244108,138.9244108,136.33990748,136.33990748,131.91646025999998,131.91646025999998,7.007950540000024
60380,132.28581157,132.28581157,128.59170398,128.59170398,127.55794520999999,127.55794520999999,119.52435503,119.52435503,12.761456539999998
60381,125.85117397,125.85117397,124.7427247,124.7427247,118.91329702,118.91329702,114.41859418,114.41859418,11.432579790000005
60382,154.34351362,154.34351362,133.73092266,133.73092266,131.95971096,131.95971096,128.42269492,128.42269492,25.920818700000012
60383,117.88197174,117.88197174,114.40990935999999,114.40990935999999,112.49093645,112.49093645,105.85909974,105.85909974,12.022871999999992
60384,169.6041016,169.6041016,168.56957968,168.56957968,157.94240213,157.94240213,152.85914861,152.85914861,16.74495299
60385,,,,,,,,,
60386,144.79179996,144.79179996,143.23987771,143.23987771,140.72843631,140.72843631,138.88504712,138.88504712,5.906752839999996
60387,131.95101272,131.95101272,129.06809008,129.06809008,128.55127910000002,128.55127910000002,125.52857282000001,125.52857282000001,6.422439899999986
60388,210.24926435,210.24926435,208.54995337,208.54995337,206.92607274,206.92607274,199.25880268,199.25880268,10.990461670000002
60389,98.44280632,98.44280632,96.37416822,96.37416822,96.07884455,96.07884455,93.64538249,93.64538249,4.79742383
60390,99.57502011,99.57502011,99.57502011,99.57502011,98.46714605,98.46714605,96.91925545,96.91925545,2.6557646600000027
60391,98.50569222,98.50569222,97.69275698999999,97.69275698999999,96.80700370999999,96.80700370999999,96.14320474,96.14320474,2.3624874799999986
60392,100.38889635000001,100.38889635000001,100.01933189,100.01933189,98.46852971,98.46852971,97.06788239,97.06788239,3.321013960000016
60393,127.42503144,127.42503144,124.83851566999999,124.83851566999999,123.95260633999999,123.95260633999999,117.31734706,117.31734706,10.107684379999995
60394,117.86951812000001,117.86951812000001,109.07579743,109.07579743,106.56666319,106.56666319,105.60806505000001,105.60806505000001,12.261453070000002
60395,114.3828919,114.3828919,110.90968307,110.90968307,109.65482601000001,109.65482601000001,107.88561234000001,107.88561234000001,6.4972795599999955
60396,157.90329386,157.90329386,156.57347255,156.57347255,155.61370841000002,155.61370841000002,150.82397566,150.82397566,7.079318199999989
61552,,,,,,,,,
61553,,,,,,,,,
61554,,,,,,,,,
61555,,,,,,,,,
61556,,,,,,,,,
61557,,,,,,,,,
61558,,,,,,,,,
61559,,,,,,,,,
61560,,,,,,,,,
61561,,,,,,,,,
61562,137.70837427,137.70837427,133.42378943,133.42378943,130.9140833,130.9140833,127.45100731000001,127.45100731000001,10.257366959999999
61563,174.77390221,174.77390221,173.3699564,173.3699564,171.15595552,171.15595552,168.94475267,168.94475267,5.829149539999975
61564,,,,,,,161.73656113,161.73656113,0.0
61565,175.69544327,175.69544327,174.1439561,174.1439561,171.04359531999998,171.04359531999998,168.9797377,168.9797377,6.7157055700000114
61566,,,,,,,,,
61567,,,,,,,,,
61568,,,,,,,,,
61569,,,,,136.73514014,136.73514014,132.75763291,132.75763291,3.9775072299999863
62238,86.74251968,86.74251968,86.74251968,86.74251968,84.23206473,84.23206473,82.90528552,82.90528552,3.837234159999994
62239,101.65671574,101.65671574,91.68598134,91.68598134,91.02165756,91.02165756,89.84173932,89.84173932,11.814976419999994
62240,,,,,,,,,
62241,165.91296127,165.91296127,162.29253596,162.29253596,160.15076403,160.15076403,155.95019539999998,155.95019539999998,9.962765870000027
62242,108.07681602999999,108.07681602999999,97.88524882,97.88524882,95.30107192,95.30107192,92.86927135,92.86927135,15.207544679999984
62243,,,,,,,,,
62244,100.16970178,100.16970178,94.77842217999999,94.77842217999999,94.11402956,94.11402956,91.68192613,91.68192613,8.487775650000003
62245,123.22162996,123.22162996,122.33486262,122.33486262,119.16018208,119.16018208,113.92751327,113.92751327,9.294116689999996
62246,129.76639733000002,129.76639733000002,97.49319845,97.49319845,97.49319845,97.49319845,90.414363,90.414363,39.35203433000002
62247,100.92551315,100.92551315,92.28484202,92.28484202,92.28484202,92.28484202,89.18789452,89.18789452,11.73761863
62248,97.57338659999999,97.57338659999999,95.20972735000001,95.20972735000001,93.43780491,93.43780491,91.96361243,91.96361243,5.609774169999994
62249,106.68256128,106.68256128,92.20829768,92.20829768,90.36305792,90.36305792,88.44666463,88.44666463,18.23589665
62250,103.66917126999999,103.66917126999999,95.69311015,95.69311015,94.95476163,94.95476163,93.25908792,93.25908792,10.410083349999994
62251,101.91881875,101.91881875,96.60157255,96.60157255,94.90385479,94.90385479,93.57730240000001,93.57730240000001,8.341516349999992
62252,100.27237014,100.27237014,96.65305814999999,96.65305814999999,96.65305814999999,96.65305814999999,91.86097087,91.86097087,8.411399270000004
62253,126.96208777999999,126.96208777999999,126.14919268,126.14919268,110.05416608,110.05416608,107.91635905,107.91635905,19.045728729999993
62254,105.83632376999999,105.83632376999999,100.00133429000002,100.00133429000002,98.96781847,98.96781847,96.83058636,96.83058636,9.005737409999995
62255,132.60181203,132.60181203,131.93663084,131.93663084,131.93663084,131.93663084,128.83897675,128.83897675,3.7628352799999902
62785,58.22461362,58.22461362,53.71736107,53.71736107,50.91185048,50.91185048,49.58517888,49.58517888,8.639434739999999
62786,77.64977621,77.64977621,76.2458198,76.2458198,74.62214005,74.62214005,61.06207386,61.06207386,16.58770235
62787,62.424526730000004,62.424526730000004,53.7106263,53.7106263,52.97231159,52.97231159,51.35061732,51.35061732,11.073909410000006
62788,76.6907779,76.6907779,74.62200645,74.62200645,73.07247998,73.07247998,61.28189107,61.28189107,15.40888683
62789,70.70226427,70.70226427,68.70748852999999,68.70748852999999,64.05886193,64.05886193,62.65742044,62.65742044,8.044843829999998
62790,63.95459819,63.95459819,62.40232222,62.40232222,61.074043210000006,61.074043210000006,56.72361599999999,56.72361599999999,7.230982190000006
62791,72.11136189,72.11136189,70.41095625,70.41095625,68.04940961,68.04940961,61.04698758,61.04698758,11.064374309999998
62792,80.70998462,80.70998462,58.7781595,58.7781595,57.5969119,57.5969119,54.72210496,54.72210496,25.987879659999997
62793,81.61102121,81.61102121,79.7644197,79.7644197,79.24755214,79.24755214,70.47625117999999,70.47625117999999,11.134770030000013
62794,69.6039734,69.6039734,67.75666665,67.75666665,66.57503916,66.57503916,64.51105304000001,64.51105304000001,5.092920359999994
62795,75.80505735,75.80505735,71.66712909,71.66712909,69.60027798,69.60027798,59.72489292,59.72489292,16.080164429999996
62796,92.06183906,92.06183906,90.95336085,90.95336085,88.59105971,88.59105971,73.63117256,73.63117256,18.4306665
62797,70.0643475,70.0643475,68.21712521,68.21712521,67.99564339,67.99564339,61.06709423,61.06709423,8.997253269999995
62798,73.62386357999999,73.62386357999999,71.70334761,71.70334761,69.34167463,69.34167463,60.3494211,60.3494211,13.27444247999999
62799,79.62732684,79.62732684,74.67677788,74.67677788,73.64291646,73.64291646,64.65163631,64.65163631,14.975690529999994
62800,72.97483321,72.97483321,68.83689146,68.83689146,68.54159152,68.54159152,59.328952879999996,59.328952879999996,13.645880330000004
62801,74.23331082,74.23331082,71.64698896,71.64698896,69.72801681,69.72801681,59.26306895,59.26306895,14.970241870000002
62802,104.59601455,104.59601455,56.347260770000005,56.347260770000005,55.11471154,55.11471154,53.69178557,53.69178557,50.904228980000006
63159,65.1628868,65.1628868,64.79353987,64.79353987,48.71051983,48.71051983,45.54151176,45.54151176,19.621375039999997
63160,74.68759765,74.68759765,72.98840555000001,72.98840555000001,72.98840555000001,72.98840555000001,66.64848128,66.64848128,8.039116370000002
63161,37.343678770000004,37.343678770000004,37.343678770000004,37.343678770000004,34.75860062,34.75860062,27.68164512,27.68164512,9.662033650000005
63162,42.9654892,42.9654892,42.00428566,42.00428566,41.63497043,41.63497043,37.949168459999996,37.949168459999996,5.016320740000005
63163,,,,,,,,,
63164,70.78842935,70.78842935,69.38436677,69.38436677,60.08907912000001,60.08907912000001,58.688422890000005,58.688422890000005,12.100006459999996
63165,62.07571068,62.07571068,60.08050862,60.08050862,58.75098369,58.75098369,57.866497460000005,57.866497460000005,4.209213219999995
63166,79.86937467999999,79.86937467999999,78.61276529,78.61276529,73.66844405,73.66844405,73.66844405,73.66844405,6.200930629999988
63167,94.66854224,94.66854224,77.09348912,77.09348912,77.09348912,77.09348912,75.69216827,75.69216827,18.976373969999997
63168,69.21461712,69.21461712,68.69744341,68.69744341,66.41017554,66.41017554,64.71447590000001,64.71447590000001,4.500141219999989
63169,,,,,,,,,
63170,65.74948648,65.74948648,64.71463195,64.71463195,63.681089740000004,63.681089740000004,60.95324601,60.95324601,4.796240470000001
63171,75.67849563,75.67849563,72.0575905,72.0575905,70.06362564,70.06362564,68.66313316,68.66313316,7.0153624699999995
63172,80.58463126,80.58463126,79.25410956,79.25410956,74.01465737,74.01465737,72.02510761,72.02510761,8.559523649999988
63173,69.59901925,69.59901925,68.71180743000001,68.71180743000001,67.75219648999999,67.75219648999999,65.76208687,65.76208687,3.8369323799999933
63174,80.79112753000001,80.79112753000001,68.10412754,68.10412754,68.10412754,68.10412754,65.89037354,65.89037354,14.900753990000013
63175,60.61239641,60.61239641,59.208806609999996,59.208806609999996,55.74129142,55.74129142,52.42652200999999,52.42652200999999,8.18587440000001
63176,61.825482099999995,61.825482099999995,61.677670660000004,61.677670660000004,61.677670660000004,61.677670660000004,60.80459263,60.80459263,1.020889469999993
66033,67.52088275,67.52088275,67.52088275,67.52088275,65.89568248,65.89568248,59.18846872,59.18846872,8.332414029999995
66034,63.07515135,63.07515135,61.671843540000005,61.671843540000005,61.52400302,61.52400302,58.28106905,55.70814538,7.367005970000001
66035,64.79662254,64.79662254,63.98366807,63.98366807,61.6216493,61.6216493,58.15887083,58.15887083,6.637751710000003
66036,88.47870713,88.47870713,85.96897818,85.96897818,85.96897818,85.08475499000001,82.94944509,82.94944509,5.529262040000006
66037,107.00885806999999,107.00885806999999,106.78702907,106.78702907,106.78702907,106.78702907,102.80783784,102.80783784,4.201020229999983
66038,66.52030151,66.52030151,64.67274821,64.67274821,63.26976361,63.26976361,58.185299140000005,58.185299140000005,8.335002369999991
66039,70.94998647,69.84058947,69.84058947,69.84058947,68.51359969,68.51359969,60.62818095000001,60.62818095000001,10.321805519999991
66040,101.83839297,94.79723706,94.79723706,94.79723706,94.79723706,94.79723706,91.47495642,91.47495642,10.363436550000003
66041,74.14614978,71.63458616999999,71.63458616999999,71.63458616999999,71.48670284,71.48670284,58.663586620000004,58.663586620000004,15.482563159999998
66042,71.69975016000001,71.69975016000001,71.69975016000001,71.69975016000001,71.10901478000001,71.10901478000001,65.72994672,65.72994672,5.969803440000007
66043,,,,,,,,,
66044,96.01040028,96.01040028,91.57483112,91.57483112,91.57483112,91.57483112,82.73073658,82.73073658,13.2796637
66045,70.97775684,70.97775684,69.4998779,69.4998779,68.465877,68.465877,60.65398639000001,60.65398639000001,10.32377044999999
66046,92.0151586,88.24623492,90.38723624000001,88.24623492,88.09843392,88.09843392,84.92936152,84.92936152,7.085797080000006
66047,100.69209497,100.69209497,100.69209497,100.69209497,100.69209497,100.69209497,92.07107543,92.07107543,8.621019540000006
66048,71.57833318,71.57833318,71.20891354999999,71.20891354999999,68.47846494,68.47846494,60.51911071,60.51911071,11.059222470000002
66049,71.21665249,71.21665249,69.44369465,69.44369465,68.48370072,68.48370072,60.525604189999996,58.17058282,13.046069670000001
66050,68.47239119,68.47239119,65.59117073,65.59117073,65.14839173,65.14839173,62.71698438,62.71698438,5.755406809999997
68636,55.426690050000005,55.426690050000005,49.80203948,49.80203948,49.80203948,49.80203948,41.40380658,41.40380658,14.022883470000004
68637,47.72212882,43.65094134,43.13399703,43.13399703,42.02882867,42.02882867,40.99791698,40.99791698,6.724211840000002
68638,53.08262134,53.08262134,53.08262134,48.938499099999994,47.980094380000004,47.980094380000004,46.875339239999995,46.875339239999995,6.207282100000008
68639,53.158942370000005,48.94293604999999,48.94293604999999,48.94293604999999,48.94293604999999,48.94293604999999,42.31621365,42.31621365,10.842728720000004
68640,57.35654434,57.35654434,57.35654434,57.35654434,57.35654434,57.35654434,42.25159069,42.25159069,15.104953649999999
68641,52.55318212,52.55318212,52.55318212,50.10730242,41.45586306,41.45586306,40.94071153,40.94071153,11.612470590000001
68642,50.50449536,45.39439256,41.99917997,41.99917997,41.99917997,40.96540935,40.37827527,40.37827527,10.126220089999997
68643,60.974745049999996,60.974745049999996,56.617976209999995,55.87964512999999,56.617976209999995,55.87964512999999,42.91446309,42.91446309,18.060281959999998
68644,50.11638624,50.11638624,49.8212205,49.8212205,49.8212205,49.8212205,42.30888272,42.30888272,7.807503519999997
68645,54.997307629999995,54.997307629999995,54.62692579,54.62692579,54.62692579,54.62692579,39.88409255,39.88409255,15.113215079999996
68646,55.45488554,50.63789105,50.63789105,45.304651719999995,41.91290119,41.91290119,41.91290119,41.91290119,13.54198435
68647,58.13344974,58.13344974,53.91607018,50.15398667,53.91607018,50.15398667,41.46135295,41.46135295,16.672096790000005
68648,52.53158452,49.429557700000004,49.429557700000004,49.429557700000004,49.429557700000004,49.429557700000004,41.914468469999996,40.36918564,12.162398880000005
68649,53.9284158,53.9284158,48.30736554,48.30736554,48.30736554,48.30736554,41.96963548,41.96963548,11.958780320000002
68650,56.002454150000005,56.002454150000005,56.002454150000005,56.002454150000005,56.002454150000005,56.002454150000005,45.61281695,45.61281695,10.389637200000003
68651,55.17909553,53.92361734,51.93018513,51.93018513,51.93018513,51.93018513,41.982462819999995,40.95230827,14.226787259999995
68652,51.413930640000004,49.27099946,47.279350990000005,47.279350990000005,47.279350990000005,47.279350990000005,41.97383896,40.94468182,10.469248820000004
68653,59.16067132,59.16067132,58.93956179,58.93956179,55.91306397,55.91306397,44.19937083,44.19937083,14.96130049
69073,64.52008201000001,64.52008201000001,64.52008201000001,59.726274599999996,59.13551054,59.13551054,52.4338244,52.4338244,12.086257610000011
69074,74.8169508,65.03981571,65.03981571,59.26570606000001,57.12549044,57.12549044,51.23037965,51.23037965,23.586571149999997
69075,84.2541715,84.2541715,68.25815976,68.25815976,68.25815976,68.25815976,53.14832618,53.14832618,31.10584532
69076,58.439207919999994,60.06859798,53.0399695,53.0399695,52.15616129,52.15616129,50.17077624,50.17077624,9.897821739999998
69077,75.35083537999999,69.20365738,61.219909200000004,59.23012764,61.219909200000004,59.23012764,52.4543455,52.4543455,22.89648987999999
69078,57.70489828,57.70489828,55.41048033,53.19724393999999,55.41048033,50.396574400000006,49.1455787,49.1455787,8.55931958
69079,74.17726769,70.84718072999999,71.65989157,70.84718072999999,67.82199045,67.82199045,51.760312289999995,51.760312289999995,22.4169554
69080,74.77839849,67.37213678,65.07733363,61.31320685000001,61.31320685000001,59.24916246,50.41215864,50.41215864,24.36623985
69081,63.282380780000004,63.282380780000004,59.290873860000005,59.290873860000005,59.290873860000005,59.290873860000005,50.894769200000006,50.894769200000006,12.387611579999998
69082,73.21497799,73.21497799,61.66394992,59.232195950000005,61.66394992,59.232195950000005,49.06988995,49.06988995,24.145088039999997
69083,72.54515402999999,72.54515402999999,71.9549109,71.9549109,71.9549109,71.9549109,58.910979680000004,58.910979680000004,13.634174349999988
69084,59.092282950000005,59.092282950000005,59.092282950000005,59.092282950000005,56.13931529999999,56.13931529999999,48.993957370000004,48.993957370000004,10.098325580000001
69085,78.92641674000001,64.48429321,64.48429321,59.023682529999995,61.23507898,59.023682529999995,50.775259950000006,50.775259950000006,28.15115679
69086,63.30754399,59.163154410000004,59.163154410000004,59.163154410000004,59.163154410000004,59.163154410000004,51.206252899999996,51.206252899999996,12.101291090000004
69087,70.20548574,67.83651337,65.99105662,62.96494536,62.96494536,59.281332209999995,57.14689086,57.14689086,13.058594880000001
69088,60.73815231,60.73815231,59.187334590000006,59.187334590000006,59.187334590000006,58.22946611,56.1683187,56.1683187,4.569833609999996
69089,75.26466191,68.97115739,68.97115739,66.97814556,66.97814556,62.18547206,54.15687485,54.15687485,21.10778706
69090,60.29161676,60.29161676,55.26214651,55.26214651,55.26214651,55.26214651,53.34631898,52.24335969,8.048257069999998
69104,74.99409899999999,74.99409899999999,55.089631409999996,55.089631409999996,54.72115149,53.101072959999996,51.19022702,51.19022702,23.80387197999999
69105,95.78519985,,78.00234506000001,71.56443252999999,71.56443252999999,69.42788236999999,68.17785375,68.17785375,27.6073461
69106,61.75321179,59.98061807,59.98061807,59.98061807,58.431426019999996,55.627539670000004,49.217739990000005,47.9652865,13.787925290000004
69107,71.0010991,75.00042428,61.00447588,61.00447588,55.46814535000001,55.46814535000001,50.82709844000001,50.82709844000001,24.173325839999997
69108,64.71366176,80.41467573,50.947645109999996,49.842685960000004,50.947645109999996,49.18044552,47.92919053,47.92919053,32.4854852
69109,66.65491805,66.65491805,66.65491805,66.65491805,63.0371928,61.045826420000004,52.79425595,52.79425595,13.860662100000006
69110,69.79378629,61.34534016,55.72023391,52.84513897,55.72023391,52.84513897,50.711146299999996,50.711146299999996,19.082639990000004
69111,69.77426695999999,59.17988597000001,61.107101830000005,52.81996657,52.81996657,52.81996657,49.80389345,49.80389345,19.970373509999995
69112,67.10820413,69.77344586999999,63.78345835,58.915667330000005,58.03274046999999,58.03274046999999,57.07533701,57.07533701,12.69810885999999
69113,70.8955887,70.8955887,62.97066355,49.86250081,55.92917915,47.94777197,47.28580711,47.28580711,23.609781590000004
69114,68.1581375,70.89901317,63.354024679999995,63.354024679999995,62.39420468,62.39420468,50.90140406,50.90140406,19.997609110000006
69115,79.65932991,79.65932991,60.110951039999996,60.110951039999996,57.08506750000001,53.10943706,52.81530781,52.81530781,26.844022099999997
69116,71.34373849,76.31004871,71.34373849,63.795311039999994,63.795311039999994,63.795311039999994,58.12638954,58.12638954,18.183659170000006
69117,82.10901051,69.81088331,68.69905786,61.73755807,58.04652495999999,55.025099340000004,52.96639656,52.96639656,29.142613950000005
69118,71.36297330000001,63.068624080000006,63.068624080000006,60.11421263,60.11421263,58.12278885999999,52.96392557,52.96392557,18.399047730000007
69119,65.15868035,52.93759816,51.09237985,51.09237985,49.840257900000005,49.840257900000005,48.883684360000004,48.000763320000004,17.157917029999993
69120,80.70438721000001,,69.67518949,69.67518949,68.56876909,65.25003903,61.3439047,58.328392730000004,22.375994480000003
69121,75.07804112,75.07804112,69.45194565999999,69.45194565999999,65.02494844,63.10695105,52.94324456,52.94324456,22.134796559999998
69325,54.33861135,54.33861135,36.75200841,36.75200841,36.75200841,36.75200841,36.75200841,36.75200841,17.58660294
69326,37.147522200000004,37.147522200000004,37.147522200000004,37.147522200000004,37.147522200000004,37.147522200000004,23.17999175,23.17999175,13.967530450000005
69382,64.00439557,64.00439557,63.782839710000005,63.782839710000005,63.782839710000005,63.782839710000005,55.08962959,55.08962959,8.914765979999999
69383,71.99099588,64.36254243,57.994200279999994,56.37059955,56.37059955,56.37059955,53.941170799999995,53.941170799999995,18.049825080000005
69384,65.03539629,65.03539629,58.895224830000004,58.895224830000004,58.895224830000004,58.895224830000004,51.895517729999995,51.895517729999995,13.13987856
69385,80.36560051000001,72.44099843000001,63.85882564999999,62.015336770000005,63.85882564999999,62.015336770000005,53.02665911,51.92236291,28.44323760000001
69386,78.96458068999999,72.00498008000001,57.57374189,56.393395289999994,57.57374189,56.393395289999994,54.036799069999994,54.036799069999994,24.927781619999998
69387,82.29931576999999,,69.63737336999999,67.05474676,69.04619828999999,65.72776503,54.014280940000006,54.014280940000006,28.285034829999987
69388,80.90027013,,70.08969254,70.08969254,65.14541334,65.14541334,54.019288700000004,54.019288700000004,26.88098142999999
69389,72.08303203,61.57347825,58.99151338,58.99151338,58.99151338,58.99151338,55.08933722,55.08933722,16.99369481
69390,76.97940426999999,,61.800857490000006,58.99943441,61.800857490000006,58.99943441,53.990338320000006,53.990338320000006,22.989065949999983
69391,72.92639329,62.868563089999995,72.92639329,60.804287040000006,59.109815520000005,59.109815520000005,58.81501084000001,57.19792545999999,15.72846783
69392,71.89413879,69.96851235,62.8702238,62.8702238,62.8702238,62.8702238,53.88256052,53.88256052,18.01157827
69393,76.19396858,72.1205763,65.83557445,65.83557445,65.83557445,65.83557445,54.93105997999999,54.93105997999999,21.26290860000001
69394,76.79476483,70.87169484,68.87784673,66.73832173000001,66.73832173000001,66.73832173000001,55.02455968,55.02455968,21.770205150000002
69395,78.12366551,68.86738357,64.95731414000001,62.893142680000004,64.95731414000001,62.893142680000004,58.843430919999996,58.843430919999996,19.28023459
69396,80.20579947,73.9845129,65.6852935,60.96011269,60.96011269,60.96011269,58.752188350000004,58.752188350000004,21.453611119999998
69397,78.35409441,67.98515789999999,61.7687261,58.00900485,57.41994348,57.41994348,57.41994348,56.16830014,22.185794270000002
69398,76.83847884,72.02479265,58.92207754,58.92207754,58.92207754,58.92207754,49.93399276,49.93399276,26.90448607999999
69399,66.99310793,66.32691099,61.737859070000006,58.93488959,58.93488959,58.93488959,49.94705232,49.94705232,17.046055609999996
69401,59.06577789000001,59.06577789000001,56.47963197,53.89698586,56.47963197,53.89698586,51.46626602,49.47916033,9.586617560000008
69402,64.40029919999999,61.445774730000004,63.21691388,59.08623069,61.445774730000004,59.08623069,49.80175416,49.80175416,14.59854503999999
69403,68.8787989,67.17498056999999,62.96344019,61.192376870000004,61.192376870000004,61.192376870000004,56.47674135,56.47674135,12.40205755000001
69404,65.29655515,64.25969262,58.353862140000004,58.353862140000004,58.353862140000004,58.353862140000004,46.93486584,46.93486584,18.361689310000003
69405,74.11948403999999,64.19740112999999,64.19740112999999,64.19740112999999,61.24543927,61.24543927,49.8254235,49.8254235,24.29406053999999
69406,72.50203068,68.28051229,58.575192439999995,51.98415206,50.14122157,50.14122157,49.47913684,49.47913684,23.022893840000002
69407,72.44023918,63.923137090000004,53.926804960000005,52.008546970000005,53.926804960000005,51.19825798,49.503569940000006,49.503569940000006,22.93666924
69408,72.49962523,64.35286047000001,54.137063930000004,52.0710883,51.11404040000001,49.63961549,48.388959820000004,48.388959820000004,24.110665410000003
69409,73.49364551,63.569242259999996,52.08986975,50.90892787999999,49.803630989999995,49.803630989999995,49.582805879999995,49.582805879999995,23.910839629999998
69410,72.65356419,59.61871083,53.76903448,53.76903448,49.6374008,49.6374008,48.4595083,48.4595083,24.194055889999994
69411,74.31778496999999,65.35625098,59.218270360000005,59.218270360000005,59.218270360000005,59.218270360000005,46.98786099,46.98786099,27.32992397999999
69412,73.50376317,63.6535314,56.47067684,55.14113816,51.893942040000006,50.125941940000004,48.36122355,48.36122355,25.14253962
69413,58.54181686,,58.54181686,65.21185677,52.10856479,52.10856479,49.60617006,49.60617006,15.60568671
69414,74.55951397,68.26412271,53.02439725999999,53.02439725999999,53.02439725999999,53.02439725999999,49.34253665,49.34253665,25.216977319999998
69415,68.12841414,68.12841414,59.54096514,59.54096514,59.54096514,59.54096514,52.02241198,50.84557348,17.282840660000005
69416,72.03252416,65.29379429,54.33596042,54.33596042,53.00820773,51.31251159,49.6930537,49.6930537,22.339470459999994
69417,68.79624925,,68.79624925,67.17402614,68.79624925,67.17402614,52.8056287,52.8056287,15.990620550000003
69418,56.45459968,56.45459968,52.095098230000005,50.25156514,52.095098230000005,49.588620660000004,49.588620660000004,49.588620660000004,6.8659790199999975
69800,,,,,,,,,
69801,,,,,,,,,
69802,,,,,,,,,
69803,,,,,,,,,
69804,,,,,,,,,
69805,,,,,,,,,
69806,,,,,,,,,
69807,,,,,,,,,
69808,,,,,,,,,
69809,,,,,,,,,
69810,,,,,,,,,
69811,,,,,,,,,
69812,,,,,,,,,
69813,,,,,,,,,
69814,,,,,,,,,
69815,,,,,,,,,
69816,,,,,,,,,
69817,,,,,,,,,
69848,,,,,,,53.36681147,,0.0
69849,,,,,,,,,
69850,,,,,,,,,
69851,,,,,,,51.48204099,,0.0
69852,,,,,56.99215851,,51.98543273,,5.006725780000004
69853,,,,,,,57.29980321,,0.0
69854,,,,,,,49.63433748,,0.0
69855,,,,,,,54.15860919,,0.0
69856,,,,,57.63882072,,57.344987110000005,,0.293833609999993
69857,,,,,,,56.32052253,,0.0
69858,,,,,,,,,
69859,,,,,,,58.311607210000005,,0.0
69860,,,,,,,57.36979024,,0.0
69861,,,,,57.51383395,,56.19018707000001,,1.3236468799999912
69862,,,,,,,57.51151064,,0.0
69863,,,,,,,,,
69864,,,,,,,,,
69865,,,,,,,56.876768809999994,,0.0
69866,,,,,,,,,
69867,,,,,,,56.280045640000004,,0.0
100692,,,,,,,,,
100693,,,,,,,,,
100694,,,,,,,,,
100695,,,,,,,,,
100696,,,,,,,,,
100697,,,,,,,,,
100698,,,,,,,,,
100699,,,,,,,,,
100700,,,,,,,,,
100701,,,,,,,,,
