s_deg,R
4.0,0.5516853657765536
4.05,0.14721102819718718
4.1,0.06777096921298743
4.15,0.08407281350829672
4.2,0.1002285499158859
4.25,0.08793432998050221
4.3,0.10502037970668726
4.35,0.1328628803431401
4.4,0.11098162595427179
4.45,0.10404211616424493
4.5,0.0985160547793651
4.55,0.08406174516114515
4.6,0.10598202576365963
4.65,0.11094347401997015
4.7,0.15343895003949418
4.75,0.08577586830169713
4.8,0.09590593809472933
4.85,0.08680612014924266
4.9,0.21948364940472118
4.95,0.32739078953779566
5.0,0.9044614859169716
5.05,0.2906210249415185
5.1,0.2545208987167784
5.15,0.04808863706481313
5.2,0.09485817981490312
5.25,0.11635635359916593
5.3,0.09920711110272318
5.35,0.06913682129710748
5.4,0.07535022858075967
5.45,0.08503114622011378
5.5,0.09316660222399747
5.55,0.09582017794157127
5.6,0.08419806566792622
5.65,0.09703742715445454
5.7,0.0855554528250968
5.75,0.0864244839338549
5.8,0.07471293195787333
5.85,0.08700132778439498
5.9,0.06708916673904114
5.95,0.10412986659500086
6.0,0.0740066750010168
6.05,0.07153409650365071
6.1,0.08020446278760555
6.15,0.10668062842006494
6.2,0.08047782396399202
6.25,0.07378177386068696
6.3,0.05156562376189143
6.35,0.10390118491846506
6.4,0.10076517646705857
6.45,0.1139993282392981
6.5,0.16178000868519488
6.55,0.0750117492538391
6.6,0.35384571092693134
6.65,0.5706823840714396
6.7,0.5243034521713188
6.75,0.27373528349969395
6.8,0.09817555940143657
6.85,0.17132865275596576
6.9,0.09153347976666938
6.95,0.05352937591575652
7.0,0.08873509707785902
7.05,0.06292352416842693
7.1,0.07815132841195052
7.15,0.09493622659307684
7.2,0.0774235171291831
7.25,0.0663209593176854
7.3,0.06578974994580737
7.35,0.06191498249320754
7.4,0.07242598817545699
7.45,0.07053320140797167
7.5,0.06318851727501358
7.55,0.06834573326605042
7.6,0.0762496391175292
7.65,0.08919169876318116
7.7,0.09981594332723946
7.75,0.09167688252324191
7.8,0.07395306962411681
7.85,0.06524169683937787
7.9,0.07126573570177812
7.95,0.07612032467144354
8.0,0.07464326996357791
8.05,0.08616401971530907
8.1,0.09451726609251648
8.15,0.08195073635895735
8.2,0.0685451587227138
8.25,0.054231546414409616
8.3,0.05644600722275385
8.35,0.05800072345581378
8.4,0.07529733368876357
8.45,0.09427856939550876
8.5,0.0865431932011948
8.55,0.06535393759228457
8.6,0.05325809210044136
8.65,0.07346209253384131
8.7,0.07925749068950529
8.75,0.0684733721908314
8.8,0.07381534776057834
8.85,0.10165854885868189
8.9,0.10910660014956987
8.95,0.09112333524905697
9.0,0.06259836692913275
9.05,0.05824447577393693
9.1,0.08263456336994629
9.15,0.08786491151579065
9.2,0.06847129330497943
9.25,0.059501046686616925
9.3,0.0800609600658701
9.35,0.10249730379080857
9.4,0.08973025884006201
9.45,0.0527858692933455
9.5,0.0886594152751748
9.55,0.1709851253218018
9.6,0.2157028244968238
9.65,0.19391298744028393
9.7,0.0963353617040797
9.75,0.09981363380702198
9.8,0.32453323079362845
9.85,0.5659489064558725
9.9,0.7775733563055808
9.95,0.9208210005063524
10.0,0.9704374774146716
10.05,0.9191521149986533
10.1,0.7782933272733716
10.15,0.5744492652764626
10.2,0.3433664286829375
10.25,0.12362063076036515
10.3,0.08318258662056857
10.35,0.19331539519571578
10.4,0.24574550228462946
10.45,0.23698890523732147
10.5,0.18175837690724803
10.55,0.10155446752767075
10.6,0.03457489103952863
10.65,0.06437064176186433
10.7,0.10646783957243645
10.75,0.11937416761019477
10.8,0.10453218767740859
10.85,0.0715699499910383
10.9,0.04792452874551253
10.95,0.06079519525158141
11.0,0.09093907874950817
11.05,0.10882657772759172
11.1,0.10924625955271437
11.15,0.0940259683010183
11.2,0.07245212060388077
11.25,0.05430743652716312
11.3,0.04417520738963782
11.35,0.04633138070773071
11.4,0.056668057179419556
11.45,0.059539135790018724
11.5,0.05411628811535261
11.55,0.04441494807884888
11.6,0.03743410895747309
11.65,0.04326070024957021
11.7,0.052327321322034694
11.75,0.060128353294085266
11.8,0.06147449768005639
11.85,0.05508397451030132
11.9,0.044972609907550164
11.95,0.04389425119114824
12.0,0.051728903768406755
12.05,0.058698265715150535
12.1,0.06393328249564544
12.15,0.06795277266014857
12.2,0.06968377024408982
12.25,0.06734930726639607
12.3,0.06122294581566909
12.35,0.05379574657491403
12.4,0.04984951282977729
12.45,0.05053855234501118
12.5,0.05531697483766727
12.55,0.06051625242871573
12.6,0.06286315269305047
12.65,0.060985486261890376
12.7,0.055308305360552645
12.75,0.04863532783550894
12.8,0.046342298885207085
12.85,0.04673443827803281
12.9,0.052439009114531254
12.95,0.06394635357938906
13.0,0.07388510952771207
13.05,0.07967880673666765
13.1,0.08010817452645248
13.15,0.0751927279640866
13.2,0.06880068336867516
13.25,0.060764152769460206
13.3,0.05273702941942205
13.35,0.048317343963055044
13.4,0.04913015875048821
13.45,0.0541926698938995
13.5,0.05977016708081783
13.55,0.06353484153069398
13.6,0.06428431845565555
13.65,0.0615601896450001
13.7,0.05599168124023295
13.75,0.049316417602012066
13.8,0.04367525668146659
13.85,0.04257124462225474
13.9,0.04856614453134421
13.95,0.055153562462692755
14.0,0.060154938059697946
14.05,0.06321359200104376
14.1,0.06656002678860655
14.15,0.06630064855838712
14.2,0.06228821568275723
14.25,0.055314614517775536
14.3,0.04677916947725273
14.35,0.03854521366673709
14.4,0.03617528412021856
14.45,0.04044814214341771
14.5,0.04793015890980736
14.55,0.05606000494269191
14.6,0.06295934997148783
14.65,0.06833046162075784
14.7,0.07199721429703321
14.75,0.07280206004264597
14.8,0.07053642554520904
14.85,0.06565216281638964
14.9,0.05903295557433316
14.95,0.051832629767646445
15.0,0.04516334279271239
15.05,0.04030013160091815
15.1,0.03807443237677379
15.15,0.03899450678148692
15.2,0.042022459619385215
15.25,0.04750822489264887
15.3,0.052233080022297255
15.35,0.0546398646481905
15.4,0.05426394537709517
15.45,0.05120744051597407
15.5,0.046045456473130734
15.55,0.040298072107556045
15.6,0.03741228170694435
15.65,0.03854198640901427
15.7,0.04180728306310705
15.75,0.04692060229561721
15.8,0.054204148200857616
15.85,0.06161014828133464
15.9,0.0679903374608017
15.95,0.07313208151645442
16.0,0.07667886063805877
16.05,0.07809049706803647
16.1,0.07709254372608067
16.15,0.07369171848978338
16.2,0.06810316359458415
16.25,0.060730739144596035
16.3,0.05227482962166529
16.35,0.04447061980029211
16.4,0.038557508476272005
16.45,0.03672855683075669
16.5,0.04012060776221075
16.55,0.044941985629691296
16.6,0.04935887416983689
16.65,0.05274475312540627
16.7,0.05593376055334117
16.75,0.058407367372060426
16.8,0.05877837997509359
16.85,0.0568937589713667
16.9,0.052772793174856114
16.95,0.046621445578268916
17.0,0.03890084510036278
17.05,0.03063726166296166
17.1,0.02491659456919504
17.15,0.0263201652043595
17.2,0.03431067646729933
17.25,0.04539993467100678
17.3,0.056837430871065374
17.35,0.06790638010556418
17.4,0.07798819037829217
17.45,0.08655919048470906
17.5,0.09320888434949501
17.55,0.0976360751647175
17.6,0.09964844960509257
17.65,0.09916743873150934
17.7,0.09623484978783942
17.75,0.09101637968671392
17.8,0.08379450177287448
17.85,0.07494763813880803
17.9,0.06494243022377354
17.95,0.054501986724333824
18.0,0.04714964872607514
18.05,0.05443477270748984
18.1,0.06733553032905332
18.15,0.08064613596967478
18.2,0.09376281240455217
18.25,0.10630009152731444
18.3,0.11801030360126569
18.35,0.12855273101215692
18.4,0.13727000154574484
18.45,0.14346270531861474
18.5,0.14660928928949432
18.55,0.14634842070819276
18.6,0.14243674206346166
18.65,0.13472963708923527
18.7,0.12317632462338626
18.75,0.10782606612141463
18.8,0.08886041436087846
18.85,0.06674988026297816
18.9,0.04343330024564613
18.95,0.037386165441825665
19.0,0.062118806033127014
19.05,0.09441385215219701
19.1,0.12916553540497205
19.15,0.16562762959809446
19.2,0.20326322837393174
19.25,0.24157496792411812
19.3,0.2800777068200207
19.35,0.31829684417541554
19.4,0.35577377366814267
19.45,0.3920760516351838
19.5,0.4268214820194136
19.55,0.4597567235120938
19.6,0.4907065206270048
19.65,0.5190886129189114
19.7,0.5443751998970665
19.75,0.5662513199987456
19.8,0.5844904679565504
19.85,0.5989218113145215
19.9,0.6094243671943752
19.95,0.6159283054156731
20.0,0.6184220420198515
20.05,0.6169750863470532
20.1,0.6117965955993395
20.15,0.6031813289456548
20.2,0.5912202038481856
20.25,0.5759602782150185
20.3,0.5575528690581136
20.35,0.536215364479594
20.4,0.5122044804276028
20.45,0.4858046925740167
20.5,0.457321388409743
20.55,0.42707550612656053
20.6,0.39539875456983914
20.65,0.3626291666327124
20.7,0.3291069491230464
20.75,0.2951706807984693
20.8,0.26115397919095323
20.85,0.2273828653461522
20.9,0.19417429664328126
20.95,0.161836963475188
21.0,0.13067734188503588
21.05,0.10102140801633956
21.1,0.07331374415319104
21.15,0.05103387439227578
21.2,0.050044996802987296
21.25,0.06529387519545696
21.3,0.08245839524868237
21.35,0.09888553461388379
21.4,0.11370403226559664
21.45,0.12652986004345126
21.5,0.13720074709712296
21.55,0.1456608065004535
21.6,0.15191324398674383
21.65,0.15600020071637838
21.7,0.1579930365577335
21.75,0.15798677776733794
21.8,0.15609630486895915
21.85,0.1524533030441337
21.9,0.1472035715401917
21.95,0.14050453086704107
22.0,0.1325228769735922
22.05,0.12343239071690698
22.1,0.11341195620492525
22.15,0.10264389814088105
22.2,0.09131285157198696
22.25,0.0796056214326746
22.3,0.06771320500404489
22.35,0.05583876999093565
22.4,0.04422837314059519
22.45,0.03335137371228394
22.5,0.025666212869493117
22.55,0.02632188778405757
22.6,0.03195734201608325
22.65,0.03984072154631849
22.7,0.04821381448244102
22.75,0.05623581006207743
22.8,0.06363353756641874
22.85,0.0702631765800294
22.9,0.07603557329322785
22.95,0.08089344758122831
23.0,0.08480226102623153
23.05,0.08774582040842827
23.1,0.08972380290493275
23.15,0.09075018088715889
23.2,0.0908521430304289
23.25,0.09006934426934114
23.3,0.08845339173403091
23.35,0.08606742243380335
23.4,0.08298539953850782
23.45,0.07929032231872732
23.5,0.07507026933957527
23.55,0.07041221118516795
23.6,0.06539640812307013
23.65,0.06009578869975785
23.7,0.05458144051289724
23.75,0.048931905049044246
23.8,0.04324778146665102
23.85,0.03769357561660904
23.9,0.032874112283261585
23.95,0.030219788077730694
24.0,0.029503981074064864
24.05,0.0310516199763567
24.1,0.03538546433237557
24.15,0.04020265145501806
24.2,0.04508654344569863
24.25,0.04982729252208884
24.3,0.05430276544139136
24.35,0.05843334805958321
24.4,0.062162183767329224
24.45,0.06544704471075018
24.5,0.0682569875071349
24.55,0.07057106729104015
24.6,0.07237804619735579
24.65,0.07367666124150361
24.7,0.07447619075376444
24.75,0.07479691615398994
24.8,0.07466961412064377
24.85,0.07413268221079289
24.9,0.07322596395843946
24.95,0.07198303467190574
25.0,0.07042670822442895
