a,b,start,end,n_win,dmin,near60
2024-140A,2026-075G,2026-06-20 00:00:00+00:00,2026-07-05 00:00:00+00:00,16,0.9057386175079428,True
2024-140A,2026-108M,2026-08-30 00:00:00+00:00,2026-08-30 00:00:00+00:00,1,8.214073154454356,False
2024-140A,2026-124L,2026-08-19 00:00:00+00:00,2026-08-20 00:00:00+00:00,2,5.038698379219848,True
2024-140B,2026-075C,2026-07-18 00:00:00+00:00,2026-07-25 00:00:00+00:00,8,9.093028106539522,True
2024-140B,2026-075C,2026-08-10 00:00:00+00:00,2026-08-21 00:00:00+00:00,12,2.1462161178713046,True
2024-140B,2026-124B,2026-08-18 00:00:00+00:00,2026-08-20 00:00:00+00:00,3,0.5259022778025859,True
2024-140B,2026-124B,2026-08-23 00:00:00+00:00,2026-08-26 00:00:00+00:00,4,1.8830312575937571,True
2024-140C,2026-075E,2026-06-14 00:00:00+00:00,2026-06-14 00:00:00+00:00,1,4.77252507956073,True
2024-140C,2026-075E,2026-06-23 00:00:00+00:00,2026-07-19 00:00:00+00:00,27,4.623839802130973,True
2024-140C,2026-075E,2026-08-03 00:00:00+00:00,2026-08-18 00:00:00+00:00,16,6.608051836006086,True
2024-140C,2026-124D,2026-08-19 00:00:00+00:00,2026-08-19 00:00:00+00:00,1,2.4040565915385983,True
2024-140D,2024-185P,2026-04-28 00:00:00+00:00,2026-04-28 00:00:00+00:00,1,0.7735740928904637,True
2024-140D,2026-108R,2026-08-28 00:00:00+00:00,2026-08-28 00:00:00+00:00,1,9.911331376633544,False
2024-140E,2026-075H,2026-06-19 00:00:00+00:00,2026-06-23 00:00:00+00:00,5,4.43113234597507,True
2024-140E,2026-075H,2026-06-29 00:00:00+00:00,2026-07-05 00:00:00+00:00,7,1.8684273355389844,True
2024-140E,2026-075H,2026-08-15 00:00:00+00:00,2026-08-18 00:00:00+00:00,4,6.919308288339762,True
2024-140E,2026-075H,2026-08-24 00:00:00+00:00,2026-08-30 00:00:00+00:00,7,1.4480708363107075,True
2024-140F,2026-075K,2026-06-15 00:00:00+00:00,2026-06-23 00:00:00+00:00,9,1.837470026637029,True
2024-140F,2026-075K,2026-06-30 00:00:00+00:00,2026-07-07 00:00:00+00:00,8,5.066313949296695,True
2024-140F,2026-075K,2026-07-18 00:00:00+00:00,2026-07-26 00:00:00+00:00,9,9.408168731296415,True
2024-140H,2026-075S,2026-06-17 00:00:00+00:00,2026-06-19 00:00:00+00:00,3,3.4030183698877914,True
2024-140H,2026-075S,2026-06-24 00:00:00+00:00,2026-06-27 00:00:00+00:00,4,1.1472551911284457,True
2024-140H,2026-075S,2026-08-06 00:00:00+00:00,2026-08-24 00:00:00+00:00,19,5.853256509469389,True
2024-140H,2026-075S,2026-09-08 00:00:00+00:00,2026-09-12 00:00:00+00:00,5,9.256293793098084,True
2024-140H,2026-124Q,2026-08-27 00:00:00+00:00,2026-08-27 00:00:00+00:00,1,9.58277442579409,True
2024-140H,2026-124Q,2026-09-01 00:00:00+00:00,2026-09-05 00:00:00+00:00,5,5.920572399426514,True
2024-140J,2026-075D,2026-06-16 00:00:00+00:00,2026-06-21 00:00:00+00:00,6,3.5502500798156187,True
2024-140J,2026-075D,2026-06-28 00:00:00+00:00,2026-07-06 00:00:00+00:00,8,4.010790066539734,True
2024-140J,2026-075D,2026-07-13 00:00:00+00:00,2026-07-14 00:00:00+00:00,2,9.895555750846096,True
2024-140K,2026-075M,2026-08-21 00:00:00+00:00,2026-08-27 00:00:00+00:00,7,3.79612371863454,True
2024-140K,2026-075M,2026-09-01 00:00:00+00:00,2026-09-09 00:00:00+00:00,9,7.847267432235261,True
2024-140L,2024-185P,2026-08-30 00:00:00+00:00,2026-08-30 00:00:00+00:00,1,0.8218357088078674,True
2024-140L,2026-075A,2026-08-05 00:00:00+00:00,2026-08-06 00:00:00+00:00,2,8.982794084588718,True
2024-140L,2026-075A,2026-08-10 00:00:00+00:00,2026-08-13 00:00:00+00:00,4,6.806474329639295,True
2024-140L,2026-124C,2026-08-29 00:00:00+00:00,2026-08-29 00:00:00+00:00,1,6.990709245324672,True
2024-140L,2026-124C,2026-09-01 00:00:00+00:00,2026-09-05 00:00:00+00:00,5,4.224664766166014,True
2024-140L,2026-124C,2026-09-08 00:00:00+00:00,2026-09-11 00:00:00+00:00,4,7.884615187680796,True
2024-140M,2026-075Q,2026-06-13 00:00:00+00:00,2026-06-25 00:00:00+00:00,13,7.208144157169414,True
2024-140M,2026-075Q,2026-08-14 00:00:00+00:00,2026-08-19 00:00:00+00:00,6,5.42397929730044,True
2024-140M,2026-075Q,2026-08-24 00:00:00+00:00,2026-08-30 00:00:00+00:00,7,0.2021038590580534,True
2024-140M,2026-124G,2026-09-03 00:00:00+00:00,2026-09-05 00:00:00+00:00,3,3.914913934176164,True
2024-140N,2026-075T,2026-08-13 00:00:00+00:00,2026-08-21 00:00:00+00:00,9,5.582221796920958,True
2024-140N,2026-075T,2026-09-01 00:00:00+00:00,2026-09-08 00:00:00+00:00,8,3.0205693182025963,True
2024-140N,2026-124A,2026-08-20 00:00:00+00:00,2026-08-20 00:00:00+00:00,1,1.489224948175624,True
2024-140N,2026-124A,2026-08-23 00:00:00+00:00,2026-08-29 00:00:00+00:00,6,0.651532061893482,True
2024-140P,2026-075J,2026-06-23 00:00:00+00:00,2026-06-26 00:00:00+00:00,4,1.8490512088675224,True
2024-140P,2026-075J,2026-07-01 00:00:00+00:00,2026-07-04 00:00:00+00:00,4,3.022373245726539,True
2024-140P,2026-075J,2026-08-12 00:00:00+00:00,2026-08-15 00:00:00+00:00,4,8.510718088824927,True
2024-140P,2026-075J,2026-08-24 00:00:00+00:00,2026-09-01 00:00:00+00:00,8,2.720777256366964,True
2024-140P,2026-124H,2026-09-01 00:00:00+00:00,2026-09-07 00:00:00+00:00,7,4.305184931151512,True
2024-140P,2026-124H,2026-09-12 00:00:00+00:00,2026-09-14 00:00:00+00:00,3,9.320548925595071,True
2024-140Q,2026-075L,2026-07-04 00:00:00+00:00,2026-07-14 00:00:00+00:00,10,5.636593421685932,True
2024-140Q,2026-124J,2026-08-27 00:00:00+00:00,2026-08-28 00:00:00+00:00,2,1.9664582817663925,True
2024-140R,2026-075F,2026-07-09 00:00:00+00:00,2026-07-22 00:00:00+00:00,14,9.001960361668035,True
2024-140R,2026-075F,2026-08-06 00:00:00+00:00,2026-08-28 00:00:00+00:00,23,7.899106911089976,True
2024-140R,2026-075F,2026-09-18 00:00:00+00:00,2026-09-21 00:00:00+00:00,4,9.550937676039634,True
2024-140S,2024-185L,2026-04-22 00:00:00+00:00,2026-04-22 00:00:00+00:00,1,6.4995900968202,True
2024-140S,2026-075B,2026-08-17 00:00:00+00:00,2026-08-21 00:00:00+00:00,5,4.50661810805723,True
2024-140S,2026-075B,2026-08-27 00:00:00+00:00,2026-09-01 00:00:00+00:00,5,1.2273664537309514,True
2024-140S,2026-124E,2026-08-19 00:00:00+00:00,2026-08-22 00:00:00+00:00,3,1.103806898325944,True
2024-140S,2026-124E,2026-09-01 00:00:00+00:00,2026-09-17 00:00:00+00:00,16,8.265841266121907,True
2024-140T,2024-185P,2026-06-16 00:00:00+00:00,2026-06-16 00:00:00+00:00,1,7.862376907677955,True
2024-140T,2026-075N,2026-06-24 00:00:00+00:00,2026-06-27 00:00:00+00:00,4,2.766431902072327,True
2024-140T,2026-075N,2026-06-30 00:00:00+00:00,2026-07-10 00:00:00+00:00,10,5.575903150904506,True
2024-140T,2026-075N,2026-08-04 00:00:00+00:00,2026-09-14 00:00:00+00:00,41,2.207555870735036,True
2024-185L,2024-232S,2026-08-22 00:00:00+00:00,2026-08-22 00:00:00+00:00,1,5.477734588371265,True
2024-185L,2024-232S,2026-08-25 00:00:00+00:00,2026-08-25 00:00:00+00:00,1,6.057951166407051,False
2024-185L,2025-016L,2026-08-03 00:00:00+00:00,2026-08-03 00:00:00+00:00,1,5.432175911672402,False
2024-185L,2025-046H,2026-05-22 00:00:00+00:00,2026-05-22 00:00:00+00:00,1,9.971040502126018,True
2024-185L,2025-046S,2026-08-21 00:00:00+00:00,2026-08-22 00:00:00+00:00,2,6.188139635249049,True
2024-185L,2025-233C,2026-06-18 00:00:00+00:00,2026-06-18 00:00:00+00:00,1,5.347512445646019,True
2024-185L,2025-233E,2026-09-11 00:00:00+00:00,2026-09-11 00:00:00+00:00,1,2.282471163701451,False
2024-185L,2026-075E,2026-08-01 00:00:00+00:00,2026-08-01 00:00:00+00:00,1,6.878090897490043,True
2024-185L,2026-125B,2026-08-31 00:00:00+00:00,2026-09-02 00:00:00+00:00,2,2.2947834915428755,True
2024-185P,2026-125B,2026-09-12 00:00:00+00:00,2026-09-12 00:00:00+00:00,1,0.7971698614754952,True
2024-232B,2025-016Q,2026-06-02 00:00:00+00:00,2026-06-02 00:00:00+00:00,1,8.65566479462373,False
2024-232B,2025-046N,2026-04-07 00:00:00+00:00,2026-04-13 00:00:00+00:00,7,4.450760949378029,True
2024-232B,2025-046N,2026-05-27 00:00:00+00:00,2026-05-31 00:00:00+00:00,5,0.8941065917862344,True
2024-232B,2025-046N,2026-06-03 00:00:00+00:00,2026-06-08 00:00:00+00:00,6,3.00878115726374,True
2024-232B,2025-046N,2026-09-15 00:00:00+00:00,2026-09-19 00:00:00+00:00,5,6.473107928019879,True
2024-232B,2025-046N,2026-09-22 00:00:00+00:00,2026-09-22 00:00:00+00:00,1,8.59012271344446,True
2024-232C,2025-046D,2026-04-21 00:00:00+00:00,2026-05-02 00:00:00+00:00,12,7.468373794595605,True
2024-232C,2025-046D,2026-05-07 00:00:00+00:00,2026-05-29 00:00:00+00:00,23,2.556417879890037,True
2024-232C,2025-046D,2026-08-24 00:00:00+00:00,2026-08-28 00:00:00+00:00,5,9.252337011083224,True
2024-232C,2025-046D,2026-09-10 00:00:00+00:00,2026-09-18 00:00:00+00:00,9,1.6960232759086444,True
2024-232E,2025-046A,2026-05-22 00:00:00+00:00,2026-05-28 00:00:00+00:00,7,9.08462007702936,True
2024-232F,2025-046F,2026-04-22 00:00:00+00:00,2026-05-13 00:00:00+00:00,21,1.1308256928182965,True
2024-232F,2025-046F,2026-05-16 00:00:00+00:00,2026-05-28 00:00:00+00:00,13,6.496716848692242,True
2024-232F,2025-046F,2026-07-10 00:00:00+00:00,2026-07-29 00:00:00+00:00,20,3.1224679166311464,True
2024-232H,2025-046T,2026-05-23 00:00:00+00:00,2026-05-25 00:00:00+00:00,3,9.496976264217462,True
2024-232H,2025-046T,2026-09-11 00:00:00+00:00,2026-09-18 00:00:00+00:00,8,2.608831416253918,True
2024-232J,2025-046K,2026-04-26 00:00:00+00:00,2026-05-23 00:00:00+00:00,28,0.3959452757249819,True
2024-232J,2025-046K,2026-06-21 00:00:00+00:00,2026-07-09 00:00:00+00:00,19,5.546750212992521,True
2024-232J,2025-046K,2026-09-14 00:00:00+00:00,2026-09-21 00:00:00+00:00,8,3.306029212478087,True
2024-232K,2025-046J,2026-04-27 00:00:00+00:00,2026-04-30 00:00:00+00:00,4,5.950251228577828,True
2024-232K,2026-124R,2026-08-28 00:00:00+00:00,2026-08-28 00:00:00+00:00,1,3.9753957421494497,False
2024-232L,2025-046B,2026-04-16 00:00:00+00:00,2026-05-03 00:00:00+00:00,16,1.15972178644942,True
2024-232L,2025-046B,2026-05-10 00:00:00+00:00,2026-05-13 00:00:00+00:00,4,8.908250899876947,True
2024-232L,2025-046B,2026-07-13 00:00:00+00:00,2026-07-14 00:00:00+00:00,2,9.121698393205554,True
2024-232L,2025-046B,2026-09-12 00:00:00+00:00,2026-09-15 00:00:00+00:00,4,8.886421627529755,True
2024-232N,2025-046P,2026-04-21 00:00:00+00:00,2026-04-23 00:00:00+00:00,3,8.295394994223274,True
2024-232N,2025-046P,2026-07-04 00:00:00+00:00,2026-07-12 00:00:00+00:00,9,0.3629906318629032,True
2024-232N,2025-046P,2026-07-19 00:00:00+00:00,2026-07-22 00:00:00+00:00,4,7.774890149496524,True
2024-232P,2025-046R,2026-04-27 00:00:00+00:00,2026-05-30 00:00:00+00:00,34,2.5257082862207048,True
2024-232P,2025-046R,2026-06-03 00:00:00+00:00,2026-06-06 00:00:00+00:00,4,9.82297767264285,True
2024-232P,2025-046R,2026-06-23 00:00:00+00:00,2026-07-18 00:00:00+00:00,26,1.355192262386327,True
2024-232P,2025-046R,2026-07-24 00:00:00+00:00,2026-07-29 00:00:00+00:00,6,7.7396877166330995,True
2024-232Q,2025-046G,2026-04-23 00:00:00+00:00,2026-04-23 00:00:00+00:00,1,9.738158112789447,True
2024-232Q,2025-046G,2026-05-01 00:00:00+00:00,2026-05-22 00:00:00+00:00,22,4.037489827121636,True
2024-232Q,2025-046G,2026-06-25 00:00:00+00:00,2026-07-03 00:00:00+00:00,9,7.657962987121045,True
2024-232Q,2025-046G,2026-09-14 00:00:00+00:00,2026-09-21 00:00:00+00:00,8,3.773924287072551,True
2024-232R,2025-046M,2026-07-15 00:00:00+00:00,2026-07-19 00:00:00+00:00,5,2.732733845502234,True
2024-232R,2025-046M,2026-08-28 00:00:00+00:00,2026-08-28 00:00:00+00:00,1,4.094969610114515,True
2024-232R,2025-046M,2026-09-14 00:00:00+00:00,2026-09-19 00:00:00+00:00,6,1.3641386161830544,True
2024-232S,2025-046S,2026-04-28 00:00:00+00:00,2026-05-01 00:00:00+00:00,4,7.197535078340648,True
2024-232S,2025-046S,2026-05-05 00:00:00+00:00,2026-05-09 00:00:00+00:00,5,2.5015280752212754,True
2024-232S,2025-046S,2026-07-04 00:00:00+00:00,2026-07-10 00:00:00+00:00,7,3.4248233038110283,True
2024-232S,2025-046S,2026-09-22 00:00:00+00:00,2026-09-22 00:00:00+00:00,1,9.925388638859731,True
2024-232U,2025-046Q,2026-04-19 00:00:00+00:00,2026-04-21 00:00:00+00:00,3,8.796499622378443,True
2024-232U,2025-046Q,2026-06-04 00:00:00+00:00,2026-06-18 00:00:00+00:00,15,5.740557743697146,True
2024-232U,2025-046Q,2026-07-04 00:00:00+00:00,2026-07-08 00:00:00+00:00,5,8.222266281920023,True
2024-232U,2025-046Q,2026-07-11 00:00:00+00:00,2026-08-18 00:00:00+00:00,38,3.91132651500463,True
2025-016A,2025-046M,2026-08-28 00:00:00+00:00,2026-08-28 00:00:00+00:00,1,7.678590467704673,False
2025-016A,2026-075K,2026-08-04 00:00:00+00:00,2026-08-25 00:00:00+00:00,22,2.0227179170861724,True
2025-016A,2026-125N,2026-09-03 00:00:00+00:00,2026-09-03 00:00:00+00:00,1,6.903099367703596,True
2025-016B,2026-124A,2026-08-29 00:00:00+00:00,2026-08-29 00:00:00+00:00,1,9.719619528060448,True
2025-016B,2026-124A,2026-09-01 00:00:00+00:00,2026-09-03 00:00:00+00:00,3,8.197930958133933,True
2025-016B,2026-125Q,2026-08-19 00:00:00+00:00,2026-08-19 00:00:00+00:00,1,6.586542721954879,True
2025-016B,2026-125Q,2026-08-22 00:00:00+00:00,2026-08-22 00:00:00+00:00,1,3.954447967129736,True
2025-016B,2026-125Q,2026-08-27 00:00:00+00:00,2026-08-30 00:00:00+00:00,4,7.781669084461021,True
2025-016C,2026-075L,2026-07-14 00:00:00+00:00,2026-07-22 00:00:00+00:00,9,0.5958652584187453,True
2025-016C,2026-075L,2026-08-15 00:00:00+00:00,2026-08-22 00:00:00+00:00,8,0.8963771334951495,True
2025-016C,2026-075L,2026-09-01 00:00:00+00:00,2026-09-11 00:00:00+00:00,11,0.6185025920264666,True
2025-016C,2026-075L,2026-09-16 00:00:00+00:00,2026-09-22 00:00:00+00:00,7,0.301282393255514,True
2025-016C,2026-125G,2026-08-15 00:00:00+00:00,2026-08-15 00:00:00+00:00,1,2.305557483150272,True
2025-016C,2026-125G,2026-08-18 00:00:00+00:00,2026-08-28 00:00:00+00:00,9,0.6123045356217103,True
2025-016C,2026-125G,2026-08-31 00:00:00+00:00,2026-09-08 00:00:00+00:00,9,8.979227626014918,True
2025-016C,2026-125G,2026-09-21 00:00:00+00:00,2026-09-22 00:00:00+00:00,2,8.522585368876905,True
2025-016D,2026-104A,2026-08-30 00:00:00+00:00,2026-08-30 00:00:00+00:00,1,9.193255635017165,False
2025-016D,2026-108E,2026-08-05 00:00:00+00:00,2026-08-05 00:00:00+00:00,1,4.721748707498652,False
2025-016D,2026-125A,2026-08-22 00:00:00+00:00,2026-09-09 00:00:00+00:00,17,6.2167129790921045,True
2025-016E,2026-104L,2026-08-05 00:00:00+00:00,2026-08-05 00:00:00+00:00,1,6.715746359695284,False
2025-016E,2026-124G,2026-09-01 00:00:00+00:00,2026-09-01 00:00:00+00:00,1,2.8297007179870866,True
2025-016E,2026-125K,2026-08-15 00:00:00+00:00,2026-08-28 00:00:00+00:00,12,5.803821133067505,True
2025-016E,2026-125K,2026-08-31 00:00:00+00:00,2026-09-10 00:00:00+00:00,11,7.046536834005804,True
2025-016F,2026-104S,2026-08-05 00:00:00+00:00,2026-08-05 00:00:00+00:00,1,9.83158713447263,False
2025-016F,2026-124N,2026-08-31 00:00:00+00:00,2026-09-01 00:00:00+00:00,2,9.511527320466325,True
2025-016F,2026-125R,2026-08-15 00:00:00+00:00,2026-08-17 00:00:00+00:00,3,2.762844820177072,True
2025-016F,2026-125R,2026-08-20 00:00:00+00:00,2026-08-25 00:00:00+00:00,5,5.84270964533543,True
2025-016G,2026-075F,2026-07-24 00:00:00+00:00,2026-08-20 00:00:00+00:00,28,3.941036498944513,True
2025-016G,2026-104E,2026-08-06 00:00:00+00:00,2026-08-06 00:00:00+00:00,1,8.438209015337701,False
2025-016G,2026-125H,2026-08-14 00:00:00+00:00,2026-08-16 00:00:00+00:00,2,7.379474018389579,True
2025-016G,2026-125H,2026-08-19 00:00:00+00:00,2026-09-06 00:00:00+00:00,17,8.081407755148472,True
2025-016H,2026-124H,2026-08-26 00:00:00+00:00,2026-08-29 00:00:00+00:00,4,8.14909214639161,True
2025-016H,2026-125F,2026-08-19 00:00:00+00:00,2026-08-19 00:00:00+00:00,1,2.565414185646018,True
2025-016H,2026-125F,2026-08-27 00:00:00+00:00,2026-09-04 00:00:00+00:00,8,6.5783019642243845,True
2025-016J,2026-125M,2026-08-15 00:00:00+00:00,2026-09-04 00:00:00+00:00,17,5.766654315862898,True
2025-016K,2026-125E,2026-08-23 00:00:00+00:00,2026-08-25 00:00:00+00:00,2,6.07129494148334,True
2025-016L,2026-075E,2026-06-29 00:00:00+00:00,2026-07-01 00:00:00+00:00,2,8.873756524756876,True
2025-016L,2026-124D,2026-08-19 00:00:00+00:00,2026-08-19 00:00:00+00:00,1,2.724810959399281,True
2025-016L,2026-124D,2026-08-25 00:00:00+00:00,2026-08-30 00:00:00+00:00,4,6.861533434378003,True
2025-016M,2026-075D,2026-06-25 00:00:00+00:00,2026-06-30 00:00:00+00:00,6,8.601831663369673,True
2025-016M,2026-075D,2026-07-22 00:00:00+00:00,2026-07-27 00:00:00+00:00,6,9.081822519101715,True
2025-016M,2026-124T,2026-08-18 00:00:00+00:00,2026-08-18 00:00:00+00:00,1,9.8749124348526,True
2025-016M,2026-124T,2026-08-25 00:00:00+00:00,2026-08-29 00:00:00+00:00,5,8.295230355699754,True
2025-016M,2026-125T,2026-08-15 00:00:00+00:00,2026-08-21 00:00:00+00:00,6,5.64022342644455,True
2025-016N,2026-075M,2026-06-14 00:00:00+00:00,2026-06-14 00:00:00+00:00,1,8.847591696342514,True
2025-016N,2026-124K,2026-08-26 00:00:00+00:00,2026-08-26 00:00:00+00:00,1,9.510899038891784,True
2025-016N,2026-125J,2026-08-15 00:00:00+00:00,2026-08-15 00:00:00+00:00,1,5.789793318885307,True
2025-016N,2026-125J,2026-08-19 00:00:00+00:00,2026-08-22 00:00:00+00:00,4,0.5345791021576091,True
2025-016N,2026-125T,2026-08-11 00:00:00+00:00,2026-08-11 00:00:00+00:00,1,8.66620334193357,False
2025-016P,2026-075H,2026-06-16 00:00:00+00:00,2026-06-16 00:00:00+00:00,1,5.194152234449311,True
2025-016P,2026-124S,2026-08-27 00:00:00+00:00,2026-08-30 00:00:00+00:00,3,1.0751377188688596,True
2025-016P,2026-124S,2026-09-02 00:00:00+00:00,2026-09-02 00:00:00+00:00,1,6.253755502880132,True
2025-016P,2026-125C,2026-08-28 00:00:00+00:00,2026-08-29 00:00:00+00:00,2,8.210957321883757,True
2025-016Q,2026-124M,2026-08-27 00:00:00+00:00,2026-08-31 00:00:00+00:00,4,8.242038523733298,True
2025-016R,2026-075N,2026-07-02 00:00:00+00:00,2026-07-02 00:00:00+00:00,1,4.346500700887422,True
2025-016S,2026-075S,2026-06-24 00:00:00+00:00,2026-06-29 00:00:00+00:00,6,6.804190112665164,True
2025-016S,2026-124Q,2026-08-27 00:00:00+00:00,2026-08-31 00:00:00+00:00,3,7.463897510435858,True
2025-016S,2026-125P,2026-08-16 00:00:00+00:00,2026-08-26 00:00:00+00:00,9,1.1365689376406387,True
2025-016S,2026-125P,2026-08-30 00:00:00+00:00,2026-08-30 00:00:00+00:00,1,5.562441518207954,True
2025-016T,2026-075A,2026-08-15 00:00:00+00:00,2026-08-22 00:00:00+00:00,8,1.008021152851501,True
2025-016T,2026-075A,2026-08-25 00:00:00+00:00,2026-08-26 00:00:00+00:00,2,7.844270765338998,True
2025-016T,2026-075A,2026-08-29 00:00:00+00:00,2026-08-30 00:00:00+00:00,2,9.436248039027522,True
2025-016T,2026-124C,2026-08-15 00:00:00+00:00,2026-08-16 00:00:00+00:00,2,6.395088433395662,True
2025-016T,2026-124C,2026-08-26 00:00:00+00:00,2026-08-29 00:00:00+00:00,3,7.594265548374365,True
2025-016T,2026-125D,2026-08-22 00:00:00+00:00,2026-08-25 00:00:00+00:00,3,9.65100480459447,True
2025-016T,2026-125D,2026-08-30 00:00:00+00:00,2026-08-30 00:00:00+00:00,1,9.921759285298574,True
2025-046F,2026-104H,2026-08-06 00:00:00+00:00,2026-08-06 00:00:00+00:00,1,7.196351124201351,False
2025-046H,2026-108J,2026-08-09 00:00:00+00:00,2026-08-09 00:00:00+00:00,1,9.042428435381654,False
2025-046H,2026-124E,2026-09-03 00:00:00+00:00,2026-09-03 00:00:00+00:00,1,4.708145541053835,False
2025-046J,2026-124R,2026-08-28 00:00:00+00:00,2026-08-28 00:00:00+00:00,1,7.212548438551428,False
2025-046S,2026-125B,2026-08-24 00:00:00+00:00,2026-08-24 00:00:00+00:00,1,2.815162719082076,False
2025-046T,2026-108N,2026-08-30 00:00:00+00:00,2026-08-30 00:00:00+00:00,1,9.76050704439936,False
2025-233A,2026-125Q,2026-08-26 00:00:00+00:00,2026-08-26 00:00:00+00:00,1,9.724228448118929,True
2025-233B,2026-125D,2026-08-31 00:00:00+00:00,2026-09-08 00:00:00+00:00,9,1.5560924733021018,True
2025-233B,2026-125D,2026-09-16 00:00:00+00:00,2026-09-16 00:00:00+00:00,1,7.7957475492175075,True
2025-233C,2026-125E,2026-09-02 00:00:00+00:00,2026-09-08 00:00:00+00:00,7,0.0307177031154765,True
2025-233C,2026-125E,2026-09-16 00:00:00+00:00,2026-09-16 00:00:00+00:00,1,6.096292075057364,True
2025-233C,2026-125E,2026-09-20 00:00:00+00:00,2026-09-22 00:00:00+00:00,3,0.2956854982708564,True
2025-233G,2026-125H,2026-09-11 00:00:00+00:00,2026-09-20 00:00:00+00:00,9,3.703965582972749,True
2025-233H,2026-125K,2026-08-31 00:00:00+00:00,2026-09-22 00:00:00+00:00,23,0.1627772422066631,True
2025-233J,2026-125G,2026-09-03 00:00:00+00:00,2026-09-12 00:00:00+00:00,10,1.074294415880188,True
2025-233K,2026-125F,2026-08-22 00:00:00+00:00,2026-08-22 00:00:00+00:00,1,5.621545468764521,True
2025-233K,2026-125F,2026-09-18 00:00:00+00:00,2026-09-22 00:00:00+00:00,5,1.696683489411339,True
2025-233P,2026-125L,2026-08-26 00:00:00+00:00,2026-08-26 00:00:00+00:00,1,9.958584792405595,True
2025-233R,2026-125N,2026-09-02 00:00:00+00:00,2026-09-02 00:00:00+00:00,1,2.766506524501179,True
2026-075C,2026-124B,2026-08-20 00:00:00+00:00,2026-08-28 00:00:00+00:00,8,2.240778233567691,True
2026-075C,2026-124B,2026-09-01 00:00:00+00:00,2026-09-22 00:00:00+00:00,22,0.3082769563319622,True
2026-075D,2026-124T,2026-09-03 00:00:00+00:00,2026-09-16 00:00:00+00:00,14,0.5284269744898825,True
2026-075E,2026-108F,2026-08-06 00:00:00+00:00,2026-08-06 00:00:00+00:00,1,2.821747220430284,False
2026-075G,2026-124L,2026-08-19 00:00:00+00:00,2026-08-20 00:00:00+00:00,2,2.233181475641042,True
2026-075J,2026-124H,2026-09-16 00:00:00+00:00,2026-09-22 00:00:00+00:00,7,0.3262554335516466,True
2026-075L,2026-124J,2026-08-18 00:00:00+00:00,2026-08-19 00:00:00+00:00,2,4.311141961052967,True
2026-075L,2026-124J,2026-09-03 00:00:00+00:00,2026-09-10 00:00:00+00:00,8,0.4856553087408791,True
2026-075N,2026-124R,2026-09-02 00:00:00+00:00,2026-09-03 00:00:00+00:00,2,8.305645288130508,True
2026-075R,2026-124M,2026-09-01 00:00:00+00:00,2026-09-07 00:00:00+00:00,7,0.4274920759344122,True
2026-075T,2026-124A,2026-08-19 00:00:00+00:00,2026-08-22 00:00:00+00:00,3,6.757513476689062,True
2026-104A,2026-108E,2026-08-09 00:00:00+00:00,2026-08-11 00:00:00+00:00,3,0.2218667958221067,True
2026-104A,2026-108E,2026-08-29 00:00:00+00:00,2026-08-29 00:00:00+00:00,1,7.413213210093799,True
2026-104A,2026-108E,2026-09-03 00:00:00+00:00,2026-09-09 00:00:00+00:00,7,0.1900760054118874,True
2026-104B,2026-108F,2026-08-08 00:00:00+00:00,2026-08-08 00:00:00+00:00,1,6.853846817460082,True
2026-104B,2026-108F,2026-09-02 00:00:00+00:00,2026-09-09 00:00:00+00:00,8,0.2215106149926775,True
2026-104D,2026-108A,2026-08-05 00:00:00+00:00,2026-08-05 00:00:00+00:00,1,9.223265583561052,True
2026-104G,2026-108J,2026-08-12 00:00:00+00:00,2026-08-12 00:00:00+00:00,1,6.035982004363949,True
2026-104H,2026-108Q,2026-08-02 00:00:00+00:00,2026-08-03 00:00:00+00:00,2,8.010709221994787,True
2026-104H,2026-108Q,2026-08-08 00:00:00+00:00,2026-08-12 00:00:00+00:00,5,0.2609942245022393,True
2026-104H,2026-108Q,2026-09-22 00:00:00+00:00,2026-09-22 00:00:00+00:00,1,8.90129144465339,True
2026-104J,2026-108K,2026-08-30 00:00:00+00:00,2026-08-30 00:00:00+00:00,1,4.351648737252683,True
2026-104K,2026-108B,2026-09-22 00:00:00+00:00,2026-09-22 00:00:00+00:00,1,7.605741051371815,True
2026-104L,2026-108L,2026-09-12 00:00:00+00:00,2026-09-19 00:00:00+00:00,8,1.6087430979452846,True
2026-104M,2026-108P,2026-08-20 00:00:00+00:00,2026-08-24 00:00:00+00:00,5,2.025156929943249,True
2026-104M,2026-108P,2026-09-11 00:00:00+00:00,2026-09-11 00:00:00+00:00,1,7.82169903438552,True
2026-104M,2026-108P,2026-09-15 00:00:00+00:00,2026-09-22 00:00:00+00:00,8,2.149460101738538,True
2026-104N,2026-108G,2026-08-08 00:00:00+00:00,2026-08-10 00:00:00+00:00,3,5.538224602966899,True
2026-104N,2026-108G,2026-08-13 00:00:00+00:00,2026-08-22 00:00:00+00:00,10,2.2655991792974217,True
2026-104N,2026-108G,2026-09-01 00:00:00+00:00,2026-09-05 00:00:00+00:00,5,0.3238929022021048,True
2026-104P,2026-108M,2026-09-02 00:00:00+00:00,2026-09-02 00:00:00+00:00,1,6.658761142449583,True
2026-104P,2026-108M,2026-09-16 00:00:00+00:00,2026-09-22 00:00:00+00:00,7,7.9885459736904,True
2026-104Q,2026-108T,2026-08-21 00:00:00+00:00,2026-08-24 00:00:00+00:00,4,0.3510223066072241,True
2026-104Q,2026-108T,2026-09-11 00:00:00+00:00,2026-09-18 00:00:00+00:00,8,3.1670796706765856,True
2026-104S,2026-108R,2026-08-19 00:00:00+00:00,2026-08-24 00:00:00+00:00,6,1.9122433605943447,True
2026-104T,2026-108D,2026-08-01 00:00:00+00:00,2026-08-01 00:00:00+00:00,1,7.1212246449513055,True
2026-104T,2026-108D,2026-08-10 00:00:00+00:00,2026-08-16 00:00:00+00:00,6,0.2309951049327659,True
2026-108K,2026-125K,2026-08-29 00:00:00+00:00,2026-08-29 00:00:00+00:00,1,8.239323297265852,False
2026-108R,2026-121B,2026-07-29 00:00:00+00:00,2026-07-29 00:00:00+00:00,1,5.993235279795327,False
