pair,sparse,gamma,k,std,offset_deg,along_km,radial_km,margin_km,lat,shifted_km,pair_min_nominal_km,coincide_frac,slots_coincide
P1-P2,False,20.780094443575035,1,True,-4.294923764591374,-549.3152856659847,4.669665928237009,549.3351334533262,-88.99522056379611,729.3353226657055,544.4695627966036,0.9375,True
P1-P3,True,39.31072487028867,2,True,4.464531872729765,546.3754920651494,-10.2066086990435,546.470816412523,88.93800175259868,677.5923513257889,,,False
P1-P4,False,61.10465972575659,3,True,-4.372637717676497,-489.48769815004215,-14.474280706534955,489.70165554365684,88.8288720418116,630.0037794595437,485.0642305004623,1.0,True
P1-P5,False,102.54957035038962,5,True,-4.670242387950239,-379.39533925196696,0.8876510391437478,379.3963776454414,88.39784718364884,433.3437685110418,371.8600031541312,0.9705882352941176,True
P1-P6,False,81.93946367582633,4,True,0.055438049253325516,5.444462058045979,0.46755209387265495,5.4645010807929175,-88.66672502653472,975.8926214875315,7.530302284271063,0.8823529411764706,True
P1-P7,False,61.41548568487056,3,True,4.8286572854859315,539.3040522862602,-4.371515226567681,539.3217694083537,88.83897079716097,577.8855937036739,535.2362358534241,0.8888888888888888,True
P1-P8,False,40.94531561567739,2,True,-0.1957964353425723,-23.852208456251255,4.2276032889112685,24.22396494814334,-88.93627592614237,1193.760574141582,24.453230695884965,1.0,True
P1-P9,False,20.697096585557688,1,True,-4.806571585053973,-614.8401083300342,4.553284405798877,614.8569680910905,-88.99535307808996,664.01640906312,614.1616889061879,1.0,True
P2-P3,True,18.530855723029244,1,True,-1.0569463933039742,-135.56434237635634,3.9237103858240516,135.62111350053792,-88.97937046110673,1147.1547248126653,,,False
P2-P4,False,40.32532044958054,2,True,0.025233641854711664,3.0800819677087636,-9.790651723539668,10.263711127046346,88.91870486847428,1216.9955659084044,1200.7666349977512,0.0,False
P2-P5,False,123.32174110567986,6,True,0.5046249749167373,31.149471588349012,-5.575651903176549,31.644548888849066,-87.87586734490921,585.8392512122167,27.414843176015818,1.0,True
P2-P6,False,102.71564334304729,5,True,4.530204884195399,367.504109338906,4.07475506774972,367.5266983633226,88.37862545077178,443.94324718224647,363.6680375314288,0.9375,True
P2-P7,False,82.19367224381809,4,True,-0.6431851250253544,-63.00806814640247,-0.31949511627408356,63.00887817340522,-88.66776055454518,916.4439457108283,913.6173278812508,0.0,False
P2-P8,False,61.72451439631415,3,True,4.19004050539661,467.55465238310086,-0.4360362690722468,467.55485570434433,-88.83277576352556,648.1888627169336,645.0793473688127,0.0,False
P2-P9,False,41.476889342615884,2,True,-0.4782488234347966,-58.119389865033,0.08402608749656792,58.11945060534451,88.93736564173965,1157.3415465449136,1154.0596980406242,0.0,False
P3-P4,True,21.794645891421663,1,True,0.973215932484436,124.11295335555943,5.803623072392838,124.2485703394839,-88.95540148595737,1152.0539850230068,,,False
P3-P5,True,141.83589798731794,7,True,3.389189918657962,144.04726292994974,-9.285826779945637,144.34625224299114,-86.88078661659901,281.0431194390503,,,False
P3-P6,True,121.23924847397309,6,True,-3.396139600751951,-216.58872548707217,-7.845546482375539,216.730774482355,-87.91347882134424,421.1556620008344,,,False
P3-P7,True,100.72102062946968,5,True,0.7840523112135998,65.0043922682806,-4.152471271205286,65.13688687546161,-88.40875724433094,764.1410289987734,,,False
P3-P8,True,80.25360128290285,4,True,-4.423293062969563,-439.6451292052792,5.894766886336583,439.6846459800147,88.67505708188168,554.2238183958642,,,False
P3-P9,True,60.006958742255605,3,True,0.6540004014583474,73.60269230634516,-3.99954889102537,73.71127936804668,-88.83928483528942,1051.9168996944536,,,False
P4-P5,False,163.5583702604705,8,True,0.2887294701016714,5.366492224631625,15.84537362433457,16.72946813535294,82.79266427553725,181.16811851759923,3.924028972703143,0.9444444444444444,True
P4-P6,False,143.01426565797016,7,True,-2.2283352707805193,-91.83922078091676,-13.854646665111432,92.87838127282934,-86.74451961013808,320.6798827429414,87.06096317605308,1.0,True
P4-P7,False,122.5075463768866,6,True,0.5641616482449479,35.280041376897195,10.181649720161658,36.719848999957044,87.87105665191626,589.8819763838608,34.884067342586945,1.0,True
P4-P8,False,102.04435127586072,5,True,4.7569864638083175,389.07554215407987,10.257123716903152,389.2107219610413,88.37560356592252,428.752408671546,386.38870138938336,1.0,True
P4-P9,False,81.79977631492406,4,True,-0.11909686782166773,-11.694088616030802,-9.920391680659122,15.335119160191484,-88.65862631058387,970.7218336078437,12.273704760589684,1.0,True
P5-P6,False,20.61328153341311,1,True,4.8396384392301,618.337058866903,-1.2504761536720252,618.338323297839,88.95629834321186,659.8621960753763,614.0660432654246,1.0,True
P5-P7,False,41.13883448867356,2,True,0.04674945110137685,5.685389696728449,-5.2328457147614245,7.726987141063651,88.912407655618,1211.1464354255982,9.666439772313915,0.9444444444444444,True
P5-P8,False,61.60891142377611,3,True,-4.982371208770303,-556.5103126418722,5.122741957517064,556.5338898592948,-88.81685284105765,560.1528820622452,549.1588994637907,1.0,True
P5-P9,False,81.85584481722088,4,True,0.23556152748744807,23.118378957036274,-5.443577581943828,23.750620675927166,88.66549288522567,958.8387748972237,19.22872508250894,0.9444444444444444,True
P6-P7,False,20.525702614997783,1,True,-4.772215086369869,-610.0231974005532,-3.9399194537454605,610.0359205260754,88.95992689824287,668.5868295468792,631.6617020807704,0.7647058823529411,True
P6-P8,False,40.9962427847854,2,True,-0.008854307509864157,-1.0784354098354858,3.8224587657014126,3.9716764657603467,-88.91026668098709,1216.3190735886326,1180.6975051930876,0.0,False
P6-P9,False,61.24401980466186,3,True,-4.427767101801649,-494.99117909179694,-4.083894876614977,495.00802576933097,88.82309369059539,623.2323905367977,589.3852764802214,0.0,False
P7-P8,False,20.47080523602245,1,True,-4.963554608838692,-634.7000273125471,0.10878452768247371,634.7000366351191,88.97164007555715,644.1608413053558,640.9238432123836,0.0,False
P7-P9,False,40.719075149912165,2,True,0.41447169714342635,50.512833147760105,0.21058742667992192,50.51327211414568,-88.92884071664962,1167.985365554072,48.93234015901174,1.0,True
P8-P9,False,20.248443821448692,1,True,-4.585465564131312,-586.8050145682549,0.3233920536367805,586.8051036799784,-88.98128205741618,692.7597994340238,584.7920120105655,1.0,True
