plane,n,launches,raan,raan_spread,inc,inc_spread,a,alt,a_spread,e,argp,phase,R10,within1,label,sparse
0,34,"2024-232,2026-108",12.491885603966503,0.6665479091449473,89.01826616783627,0.006193522412715424,7446.617056016539,1068.482056016539,0.0679236614578258,0.0008063847713929062,98.78782271758875,4.063926178400701,0.9834310770939848,1.0,P1,False
1,17,2025-233,33.275099250446694,0.55824249814777,89.00622118563346,0.0031674532972374436,7446.612929507575,1068.477929507575,0.28488234229917,0.0001740209263531332,100.82050410180942,8.006575576763582,0.9506950563216758,0.9411764705882353,P2,False
2,3,2024-185,51.808817601404414,0.36617634252267095,88.98383360384751,0.005934115530592976,7447.431045430607,1069.2960454306067,3.743852082118792,0.0007433605451118025,321.1170634362734,8.80565406114297,0.652192570328238,0.3333333333333333,P3,True
3,18,2025-016,73.60698598253906,0.4732000638479974,88.96660034218546,0.006894943612095972,7446.625009577761,1068.4900095777612,0.03242432075785473,0.0012911041031834784,241.8725847003032,7.302327286351586,0.9760382573930537,1.0,P4,False
4,34,"2024-140,2026-125",269.92045971866787,0.8622938431053626,88.97758920564725,0.029491893801690594,7446.629792010592,1068.4947920105915,0.10236628686197946,0.0009236627566438447,99.12655692563708,1.2323511926329151,0.9740715386222516,1.0,P5,False
5,18,"2025-046,2026-121",290.5370850141196,0.5013153896114204,88.96920974914964,0.04618813524591303,7446.643060870958,1068.5080608709577,0.0688541147428623,0.0012489890482731544,36.53220738928649,5.888131444259778,0.9217704355384467,0.9444444444444444,P6,False
6,18,2026-075,311.0660843599084,0.07318190558328297,88.98603979683601,0.0019779481060311355,7446.632939271061,1068.497939271061,0.031013310234811797,0.0002106259143027352,90.35302638859338,0.4055370783809022,0.9749153459272027,1.0,P7,False
7,18,2026-104,331.54011674870407,0.15270779753376473,88.99009927519518,0.0036879849995870018,7446.634214344874,1068.4992143448735,0.045630580138094956,0.00023451322814240356,105.82726438287483,5.010952236173135,0.9822116434545445,1.0,P8,False
8,18,2026-124,351.7916825946389,0.13526307169018992,89.00622768039055,0.00886224769982391,7446.626969952641,1068.4919699526408,0.041996438296337146,0.0001912545829326742,106.34169379640296,9.239618674872926,0.9844895207838071,1.0,P9,False
