date,n,planes,sparse,spacing_median,spacing_min,spacing_max,max_within_spread,R10,even_abs_offset_med,odd_abs_offset_med,odd_abs_offset_min,even_pairs_coinciding,odd_min_actual_km
2025-04-01,32,2,2,20.31,20.31,20.31,0.78,0.716,,4.9,4.9,0/0,402.0
2025-05-01,51,3,2,20.31,20.31,20.76,0.77,0.828,0.02,4.51,4.14,0/1,415.0
2025-05-31,62,4,1,20.47,20.2,20.76,0.77,0.918,0.41,4.13,2.98,1/2,123.0
2025-06-30,70,4,1,20.46,20.23,20.74,0.76,0.984,0.13,4.55,2.51,1/2,103.0
2025-07-30,70,4,1,20.46,20.24,20.73,0.75,0.982,0.24,4.72,2.14,1/2,86.0
2025-08-29,70,4,1,20.47,20.24,20.72,0.75,0.985,0.37,4.68,2.69,1/2,107.0
2025-09-28,69,4,1,20.48,20.25,20.72,0.75,0.946,0.8,4.29,3.32,1/2,134.0
2025-10-28,70,4,1,20.47,20.27,20.73,0.75,0.961,0.47,4.02,3.48,1/2,141.0
2025-11-27,70,4,1,20.47,20.29,20.74,0.75,0.921,0.5,4.0,3.07,1/2,124.0
2025-12-27,70,4,1,20.47,20.31,20.74,0.75,0.914,0.29,4.41,2.51,1/2,101.0
2026-01-26,82,5,1,20.4,20.33,20.86,0.75,0.908,0.47,4.64,2.32,1/4,93.0
2026-02-25,87,5,1,20.41,20.35,20.77,0.75,0.928,0.13,4.63,2.61,1/4,106.0
2026-03-27,87,5,1,20.4,20.37,20.77,0.75,0.96,0.33,4.37,2.95,1/4,120.0
2026-04-26,87,5,1,20.4,20.39,20.78,0.75,0.976,0.29,4.44,2.6,1/4,106.0
2026-05-26,87,5,1,20.43,20.35,20.77,0.75,0.93,0.45,4.54,2.11,1/4,86.0
2026-06-25,105,6,1,20.49,20.31,20.77,0.75,0.978,0.24,4.74,2.13,3/7,86.0
2026-07-25,128,7,1,20.47,20.27,20.77,0.74,0.864,0.33,4.7,2.3,3/9,91.0
2026-08-24,178,8,1,20.47,20.21,20.82,0.8,0.944,0.34,4.71,2.35,9/13,94.0
