pair,sparse,gamma,k,std,offset_deg,along_km,radial_km,margin_km,lat,shifted_km,pair_min_nominal_km,coincide_frac,slots_coincide,date
P1-P4,False,101.51400817411572,5,True,4.903666936094325,403.46216716683045,-0.03655063785754464,403.4621688224369,88.40094980075992,418.88333245764886,401.98239582669584,0.75,True,2025-04-01 12:00:00+00:00
P1-P3,False,62.25476980311964,3,True,-4.138294193754803,-460.4344729970796,19.841959741347637,460.86180932083715,-88.81965206709742,652.4725800190232,625.3908274665802,0.0,False,2025-05-01 12:00:00+00:00
P1-P4,False,101.5068297535386,5,True,-4.877884961801087,-400.57431299207025,-0.1756479121686425,400.5743515020128,88.40081583936069,421.1846625400811,414.9286286915691,0.0,False,2025-05-01 12:00:00+00:00
P3-P4,False,163.66767346192012,8,True,0.019575061137587113,0.3613747674032077,19.915404122683867,19.918682513969877,82.81459196958174,185.33119768835937,171.0242645099226,0.0,False,2025-05-01 12:00:00+00:00
P1-P3,False,62.252688747702734,3,True,-3.8069094258673175,-423.3255821011941,-8.884850719683527,423.41881043905676,88.8206644171819,689.1054176634344,617.9216883651594,0.0,False,2025-05-31 12:00:00+00:00
P1-P4,False,101.524332424615,5,True,-4.645804054465856,-381.4937814538991,0.01036384051440109,381.49378159467364,88.40079663592597,440.18603700075863,430.98825544369754,0.0,False,2025-05-31 12:00:00+00:00
P1-P5,False,80.76672778438663,4,True,-0.526584276734809,-52.152060199718406,12.457359705519593,53.61924275768687,-88.6731561549721,937.9881369660332,54.01951723478931,0.75,True,2025-05-31 12:00:00+00:00
P3-P4,False,163.68296320957407,8,True,0.30150125874286005,5.563517012090258,-9.598229680617806,11.094085565999132,-82.80813201181867,179.1439831209501,162.3543913619091,0.0,False,2025-05-31 12:00:00+00:00
P3-P5,False,142.99132266127444,7,True,-2.980478677435997,-122.90630048649538,3.1947604935849085,122.94781492116103,-86.79364090800951,289.5756591698482,123.48506084068171,1.0,True,2025-05-31 12:00:00+00:00
P4-P5,False,20.760987968937954,1,True,4.457546504445361,569.6675557199711,-12.440761186642703,569.8033841412926,88.96389476820838,708.6885594825915,699.0078878006875,0.0,False,2025-05-31 12:00:00+00:00
P1-P3,False,62.21045402490414,3,True,-4.483546217982948,-498.71905551557745,18.983640254134116,499.0802289528689,88.82111220126285,614.1939443190544,572.4402291520666,0.0,False,2025-06-30 12:00:00+00:00
P1-P4,False,101.58693943364742,5,True,4.861832926330408,399.12870964893295,0.1149691471036931,399.1287262073816,-88.40063668340704,422.14222175521087,393.4741074510393,0.9375,True,2025-06-30 12:00:00+00:00
P1-P5,False,80.90408496412792,4,True,-0.13894368603449436,-13.754511752316747,-2.0513061102210486,13.906633320198305,88.67184788057534,975.2877643400624,10.374596916504942,0.8666666666666667,True,2025-06-30 12:00:00+00:00
P3-P4,False,163.7036694111893,8,True,-0.12868736679865833,-2.369650373033959,-19.21088809172943,19.356483775814542,82.81349887570025,182.85632898574306,166.9909730337615,0.0,False,2025-06-30 12:00:00+00:00
P3-P5,False,143.08647992411687,7,True,-2.513693467107572,-103.397230806523,-20.540864417604098,105.4178089768507,86.79038307081743,308.7303333792628,103.32621100547382,1.0,True,2025-06-30 12:00:00+00:00
P4-P5,False,20.68622617647451,1,True,-4.625896559916399,-592.0127545040913,-2.22980776087752,592.0169537590726,88.96598450329842,687.1409083584156,585.3162521812853,0.9333333333333333,True,2025-06-30 12:00:00+00:00
P1-P3,False,62.189522270259474,3,True,-4.651193848005278,-517.6378217177141,-10.230908826417362,517.738916798877,-88.81919535996872,595.3954790792433,529.4428614010494,0.9375,True,2025-07-30 12:00:00+00:00
P1-P4,False,101.61973827064128,5,True,4.784387374005348,392.6137406535667,0.8255817805584229,392.6146086625694,-88.3993106798702,428.3541275038285,385.11360975638485,0.9375,True,2025-07-30 12:00:00+00:00
P1-P5,False,80.93511694655241,4,True,-0.4652033049669626,-46.00073428591566,10.836430680744343,47.259874997105044,88.67182586550655,942.8592890569813,35.64554172279815,0.875,True,2025-07-30 12:00:00+00:00
P3-P4,False,163.71551903573254,8,True,-0.023799810921957487,-0.43811507273816774,11.68979613422107,11.698003183304841,-82.80853400640524,184.01496418195302,157.34448420526695,0.0,False,2025-07-30 12:00:00+00:00
P3-P5,False,143.09667728100928,7,True,-2.1445002731017695,-88.15464733315301,0.3215188118529113,88.15523365506415,86.79182100531256,323.15079630600076,85.5359408876013,1.0,True,2025-07-30 12:00:00+00:00
P4-P5,False,20.68803717953496,1,True,-4.888948028820678,-625.1721955923338,11.661712477778565,625.2809525962339,88.96799610493423,653.6035007751174,619.5752837499113,0.9375,True,2025-07-30 12:00:00+00:00
P1-P3,False,62.16054091185515,3,True,-4.788888741602932,-533.0275695991991,16.253688777402203,533.2753250917406,-88.81738208664513,580.2968158093583,529.2989391869054,1.0,True,2025-08-29 12:00:00+00:00
P1-P4,False,101.65008791591043,5,True,4.699474839581569,386.2312209818569,-0.65014625684762,386.2317681797955,-88.39769461048454,435.1848140148188,380.70032792267415,0.9375,True,2025-08-29 12:00:00+00:00
P1-P5,False,80.95664359723823,4,True,-0.6814698995912067,-67.45440890440399,-3.437398532284533,67.54193504269986,-88.6725494107772,921.2685155382991,63.485548904155564,0.875,True,2025-08-29 12:00:00+00:00
P3-P4,False,163.71605428431164,8,True,0.06797900775563903,1.2513756842416777,-16.98957490848261,17.035597925346007,-82.78276318873903,183.61120187291272,161.38294237600476,0.0,False,2025-08-29 12:00:00+00:00
P3-P5,False,143.08901404815992,7,True,-2.6887380539677253,-110.61209497133635,19.244849152868483,112.2737715268557,86.78553996390968,301.4367013790019,107.30983934493581,1.0,True,2025-08-29 12:00:00+00:00
P4-P5,False,20.696908382948436,1,True,4.6584409314185535,594.8737671789085,3.0770721604376376,594.8817254301116,88.96667719369103,682.9672601810663,632.9464047797675,0.3125,False,2025-08-29 12:00:00+00:00
P1-P3,False,62.10400191614908,3,True,-4.452172633068912,-495.5331911194291,-12.21400357901075,495.68369489467045,88.8174441860491,617.8529894672544,561.9181879599004,0.0,False,2025-09-28 12:00:00+00:00
P1-P4,False,101.70474980469723,5,True,4.720591731363626,386.8270841091622,1.2061098250678697,386.82896440327085,88.39649464712258,433.19730749923303,380.1906820375499,0.9375,True,2025-09-28 12:00:00+00:00
P1-P5,False,80.99475568792991,4,True,-1.4143399963767251,-139.86551464708637,10.092169220278265,140.22914842166398,-88.67300390340681,848.6247832956947,130.46868633698313,0.8666666666666667,True,2025-09-28 12:00:00+00:00
P3-P4,False,163.7129281258354,8,True,-0.17966088127283797,-3.3064617268905057,14.047410477114681,14.431300366354483,82.74770301146322,181.34657511335135,162.8061409171313,0.0,False,2025-09-28 12:00:00+00:00
P3-P5,False,143.0701324671361,7,True,-3.3236686617706823,-136.77643938412803,-2.313017532746926,136.79599563111063,-86.77347276684316,274.8421489101412,134.4953916719825,0.8,True,2025-09-28 12:00:00+00:00
P4-P5,False,20.71346464116842,1,True,4.132422156084601,527.992843693308,-11.243382415779706,528.1125416419245,88.96217164978442,750.2783925961912,730.9370378905705,0.0,False,2025-09-28 12:00:00+00:00
P1-P3,False,62.02340912332554,3,True,-4.130363892314023,-459.8804094880545,14.923171333062783,460.1224750797734,88.81977169286218,654.0103248757044,604.8446180956972,0.0,False,2025-10-28 12:00:00+00:00
P1-P4,False,101.79157920137813,5,True,-4.710295437368927,-385.93836297949684,0.1192317858503884,385.9383813972285,-88.39556809575913,433.635606346409,424.1302788232671,0.0,False,2025-10-28 12:00:00+00:00
P1-P5,False,81.06460447887437,4,True,-0.8894857307449655,-87.93601478275353,-4.250674082251862,88.03868993815261,88.67163212096644,899.9783801472997,83.25270229620565,0.8571428571428571,True,2025-10-28 12:00:00+00:00
P3-P4,False,163.71848835446076,8,True,0.05300356551786933,0.9751543225655597,-15.155044825181903,15.1863856663161,82.72853258638797,183.69736408659307,162.00223781759664,0.0,False,2025-10-28 12:00:00+00:00
P3-P5,False,143.05904005723434,7,True,-3.47819376697538,-143.24871925619436,18.65682694778934,144.45855031911316,-86.76434353090977,269.19600944455163,140.91219952936086,1.0,True,2025-10-28 12:00:00+00:00
P4-P5,False,20.730398240272738,1,True,3.904829923491036,498.8394871167404,4.332135114093035,498.8582978176662,-88.95767850045532,779.2823793100603,729.6749545648208,0.0,False,2025-10-28 12:00:00+00:00
P1-P3,False,61.93925479682279,3,True,-4.035577454854774,-449.72792191394063,-13.664383917037412,449.93546107954603,-88.82190551618693,664.8315052852539,611.9012125140322,0.0,False,2025-11-27 12:00:00+00:00
P1-P4,False,101.88978581120705,5,True,-4.4372192014844245,-362.9969203407152,0.9290180949046771,362.99810915687175,-88.395080375434,455.54109986054465,449.9697155888954,0.0,False,2025-11-27 12:00:00+00:00
P1-P5,False,81.1544150543171,4,True,-0.7231818404745383,-71.41064156611243,9.975418605321465,72.10401310076422,88.66967471693124,915.8353645849119,63.55114946909955,0.9166666666666666,True,2025-11-27 12:00:00+00:00
P3-P4,False,163.73286126847535,8,True,0.28164852631272197,5.179151394925465,15.249624955245054,16.10511317709972,-82.73555413500314,179.35546382996395,156.73896994026373,0.0,False,2025-11-27 12:00:00+00:00
P3-P5,False,143.06472596356693,7,True,-3.066238104190674,-126.15189509529478,-3.8684367471387304,126.21119379437337,86.76493897953684,285.4953265456619,123.63162796029881,1.0,True,2025-11-27 12:00:00+00:00
P4-P5,False,20.73874928772785,1,True,3.9562374029658827,505.6153103781708,-10.838244036959622,505.73145998901305,-88.9574886257661,772.7627452265762,746.0985314867729,0.0,False,2025-11-27 12:00:00+00:00
P1-P3,False,61.86788552042012,3,True,-4.34689818004523,-484.54322522006964,13.58061891343732,484.7335044297425,-88.82168987846038,630.3766615054622,574.0717629522524,0.0,False,2025-12-27 12:00:00+00:00
P1-P4,False,101.97282449826093,5,True,-4.562636564677405,-373.02414489602086,0.17745430114518967,373.0241871051213,88.39382257724698,444.8707068405608,437.7867043462852,0.0,False,2025-12-27 12:00:00+00:00
P1-P5,False,81.23599689770487,4,True,-0.15898645255163046,-15.702653193741442,-5.615921407211317,16.676687038344657,-88.66865251935477,970.8979158263152,11.441378773875009,0.9166666666666666,True,2025-12-27 12:00:00+00:00
P3-P4,False,163.74502250122367,8,True,0.4249439757725497,7.807973967764366,-13.701649620865282,15.770214323662305,-82.74595727664524,176.4725079140526,155.75319737943613,0.0,False,2025-12-27 12:00:00+00:00
P3-P5,False,143.0751582397085,7,True,-2.506040702095106,-103.12301125805126,18.64578054654703,104.79513625697597,86.7701566622228,309.0110791774292,101.34221628471012,1.0,True,2025-12-27 12:00:00+00:00
P4-P5,False,20.740223604961503,1,True,4.4751196225844865,571.4953017197835,5.700551875229394,571.5237319477368,88.96018916312289,706.3678391286192,661.0483826602988,0.0,False,2025-12-27 12:00:00+00:00
P1-P2,False,20.86100604088523,1,True,-4.901035686110816,-626.0503943176227,-10.764942507619708,626.1429391220852,88.97874116448808,651.8517800929656,622.6857897900068,0.8888888888888888,True,2026-01-26 12:00:00+00:00
P1-P4,False,61.80091540986568,3,True,4.692652400000895,523.5213432175926,15.369376500349063,523.7468993114536,-88.81976647592826,592.0879069459852,518.1724312621562,1.0,True,2026-01-26 12:00:00+00:00
P1-P5,False,102.04036514589397,5,True,4.798094534340763,391.71043612120747,0.8522416956921006,391.7113632283016,88.39166987644933,425.295097015127,387.2641093232044,0.9375,True,2026-01-26 12:00:00+00:00
P1-P6,False,81.29985977665989,4,True,-0.8009393323928862,-79.03998758691505,9.489160424919646,79.6075612194567,-88.66864974009353,907.1597944427275,73.294745919934,0.8333333333333334,True,2026-01-26 12:00:00+00:00
P2-P4,False,40.9406415294359,2,True,0.07442466151664462,9.065524668129667,-4.537777366791488,10.137808487983614,88.9142995231422,1208.5779054875059,1187.2896076205266,0.0,False,2026-01-26 12:00:00+00:00
P2-P5,False,122.89356223362098,6,True,0.5664596820282526,35.164596979915586,11.657634048095133,37.046583005173304,87.87395439548747,586.1515042316057,567.6879718249434,0.0,False,2026-01-26 12:00:00+00:00
P2-P6,False,102.1571448800734,5,True,4.303099163686312,351.35740730900676,1.3486721801364183,351.359995713167,88.3852027891251,465.17891293728945,349.3717932423363,0.5555555555555556,True,2026-01-26 12:00:00+00:00
P4-P5,False,163.74528921984341,8,True,0.37720358835510126,6.928719804125746,16.817455932163284,18.188842243373774,82.73502928939773,177.6112150088031,155.89911744281162,0.0,False,2026-01-26 12:00:00+00:00
P4-P6,False,143.07204027485554,7,True,-2.317606348185734,-95.36747791304164,-5.9698808155753795,95.55414863022254,-86.76903968561456,316.28439102558315,93.4184841914389,0.9166666666666666,True,2026-01-26 12:00:00+00:00
P5-P6,False,20.74395674931232,1,True,4.5802984678147425,585.0861961324755,-10.171054249943154,585.1745955262625,88.96107979148292,692.9648991411215,583.558309708023,0.08333333333333333,False,2026-01-26 12:00:00+00:00
P1-P2,False,20.76815649758633,1,True,-4.757305361786649,-608.1803069664533,3.3030299999163617,608.1892762857543,88.98107834595106,670.2407535850435,586.6493576695188,0.875,True,2026-02-25 12:00:00+00:00
P1-P4,False,61.71493971341505,3,True,-4.641724967461869,-517.6047868148361,11.573233170523963,517.7341548127293,88.81943951957152,597.946345655433,534.8554529813196,0.875,True,2026-02-25 12:00:00+00:00
P1-P5,False,102.11913008464188,5,True,4.6093077652803345,376.6051805531677,-0.38700992285339453,376.6053794041775,88.38996738985767,440.35335051143755,369.5464775115277,0.9375,True,2026-02-25 12:00:00+00:00
P1-P6,False,81.36743935781699,4,True,-0.6960879962959865,-68.65142597149868,-6.995532642047692,69.00692548480998,88.66891737332605,917.0086866054653,63.67549250815606,0.9230769230769231,True,2026-02-25 12:00:00+00:00
P2-P4,False,40.94750987225673,2,True,-0.005854933653552052,-0.713450846382206,-8.216019864200462,8.246938493716323,-88.91180561668033,1216.9155443900097,1186.772241080168,0.0,False,2026-02-25 12:00:00+00:00
P2-P5,False,122.87937985504806,6,True,0.23433889826593202,14.561281932235461,-3.546362512275664,14.986914911966407,87.8707907207749,606.8142940018247,580.3544575984079,0.0,False,2026-02-25 12:00:00+00:00
P2-P6,False,102.131812143567,5,True,4.472345854346713,365.4534344549295,-10.113502874107326,365.5933474439709,88.38436389132718,451.5926977566513,354.669950552234,0.8461538461538461,True,2026-02-25 12:00:00+00:00
P4-P5,False,163.73698898894176,8,True,-0.03399877549423991,-0.6247679565709428,-11.82720165954288,11.843691742655738,82.70539766521128,183.59310174989687,162.58710529645242,0.0,False,2026-02-25 12:00:00+00:00
P4-P6,False,143.05325596415761,7,True,-2.6103801062299112,-107.51017473465808,18.045558887457446,109.01412691498936,-86.75880756439543,304.85966695215694,106.04541309264907,1.0,True,2026-02-25 12:00:00+00:00
P5-P6,False,20.755162100812193,1,True,4.787691230473968,611.6617324100731,6.848279841297881,611.700068523518,-88.95758292079981,666.3970789844626,625.3625764069774,0.9230769230769231,True,2026-02-25 12:00:00+00:00
P1-P2,False,20.73126097522243,1,True,-4.655622125383445,-594.9770360003026,-9.309307530021215,595.0498605784173,-88.98636031708676,683.3331997023753,591.2416078629872,0.9375,True,2026-03-27 12:00:00+00:00
P1-P4,False,61.60015488795131,3,True,-4.300022853128382,-480.09477811985437,-16.64131461954912,480.383106832681,-88.82158635950447,636.5543847488725,595.2788508369664,0.0,False,2026-03-27 12:00:00+00:00
P1-P5,False,102.22989696739417,5,True,4.936546508527556,402.32209827155015,1.2587201426003958,402.3240673064691,-88.38871869557794,413.1272839467135,398.1548868933632,0.9375,True,2026-03-27 12:00:00+00:00
P1-P6,False,81.46454577592404,4,True,-0.7853394401058296,-77.38145200611937,8.336351452370764,77.82919677160237,88.6678769119487,907.5586547777817,73.60347901038173,0.9230769230769231,True,2026-03-27 12:00:00+00:00
P2-P4,False,40.86963546571511,2,True,0.20144970587082867,24.516981059710588,7.316190203639962,25.585327814551157,88.91303692461857,1193.3928232034,1159.761109944004,0.0,False,2026-03-27 12:00:00+00:00
P2-P5,False,122.95320041077606,6,True,0.4668270312061509,28.958547217662534,10.603737734377319,30.838883100674188,-87.86881645545695,591.7496711781612,575.6827586754513,0.0,False,2026-03-27 12:00:00+00:00
P2-P6,False,102.19197597171332,5,True,4.062108758967383,331.61716776648814,0.9204494573032207,331.6184451816132,-88.38303101057481,484.6700742596637,328.04840131780924,0.9230769230769231,True,2026-03-27 12:00:00+00:00
P4-P5,False,163.73209624994547,8,True,0.017075213280122625,0.3140248452390621,18.519684122007675,18.522346276386546,-82.68302076602957,184.5088464367298,165.07881920602853,0.0,False,2026-03-27 12:00:00+00:00
P4-P6,False,143.03515144327503,7,True,-2.9545995737755817,-121.6502488981236,-8.32535781043589,121.93479667284154,86.74811192026655,290.40474399813456,120.40327023749603,1.0,True,2026-03-27 12:00:00+00:00
P5-P6,False,20.768787444489604,1,True,4.442177638514522,567.5692699102877,-9.51345615802802,567.6489954140392,-88.95267161266067,710.579392042536,675.4989125468998,0.0,False,2026-03-27 12:00:00+00:00
P1-P2,False,20.697858988000423,1,True,-4.443424106488067,-568.3173742232754,2.0472265298512866,568.3210615316864,-88.99010228109248,710.439607167343,561.6029158113207,0.9375,True,2026-04-26 12:00:00+00:00
P1-P4,False,61.47439104423472,3,True,-3.803873874492183,-424.87936284065586,9.490840205905442,424.98535153072714,-88.82506743574197,692.2432142616492,626.7000958717152,0.0,False,2026-04-26 12:00:00+00:00
P1-P5,False,102.36252404070063,5,True,-4.440540273631342,-361.61711157699654,-0.08972089409598993,361.6171227073309,88.38816203276352,452.9429881390052,441.8167220501907,0.0,False,2026-04-26 12:00:00+00:00
P1-P6,False,81.59047646375288,4,True,0.08751076478387176,8.618932069642222,-7.6124167263251366,11.499342521915844,-88.66557877298915,975.3522077203093,9.271329794963696,0.8666666666666667,True,2026-04-26 12:00:00+00:00
P2-P4,False,40.77728789026741,2,True,0.49111020737117883,59.846810348030274,-7.4403152604481875,60.30753684248729,88.9169238100603,1158.4635262833615,1119.9653461206328,0.0,False,2026-04-26 12:00:00+00:00
P2-P5,False,123.05248178725223,6,True,0.8251102988301113,51.144455288710176,-1.807561737553442,51.17638699843847,-87.87011854757901,568.5134384512467,542.1688150341162,0.0,False,2026-04-26 12:00:00+00:00
P2-P6,False,102.28451562350888,5,True,4.9453657005646505,403.5979285631891,-9.486031113237004,403.7093914275198,-88.38203521329211,412.27109386649846,402.16088462093785,0.9333333333333333,True,2026-04-26 12:00:00+00:00
P4-P5,False,163.73912071009565,8,True,0.07676561491967959,1.4110132573139862,-9.196479049423942,9.304095083285064,-82.68804229543103,182.63279542791363,160.28247748486888,0.0,False,2026-04-26 12:00:00+00:00
P4-P6,False,143.03522281164658,7,True,-2.5981038656783397,-107.00547329487057,16.516924638910496,108.27271177257319,86.74597281425375,305.42007259808105,105.87555781697412,1.0,True,2026-04-26 12:00:00+00:00
P5-P6,False,20.775419540903503,1,True,4.6807802522626645,597.8152574871305,7.942690965816837,597.8680192351674,88.9508040452432,680.05162974337,639.5388486653383,0.0,False,2026-04-26 12:00:00+00:00
P1-P2,False,20.672986534250455,1,True,-4.920135157983523,-628.5710076155824,-9.344174883945016,628.6404578287419,88.98961871200892,649.578645162117,624.6149701861488,0.9333333333333333,True,2026-05-26 12:00:00+00:00
P1-P4,False,61.35915859724663,3,True,-4.238296528298207,-473.6164274927151,-17.418360173050132,473.9366198787348,88.8266794260266,644.2672295791308,611.0957300092101,0.0,False,2026-05-26 12:00:00+00:00
P1-P5,False,102.48854409185013,5,True,-4.615290410835925,-374.9272725433035,1.2089558698326073,374.92922168198066,88.38704649715939,438.10672092512505,433.10011605236025,0.0,False,2026-05-26 12:00:00+00:00
P1-P6,False,81.72050413139685,4,True,-0.06777759487580681,-6.6560072284035785,-7.557278114254586,10.070495753474704,88.6636280144312,976.3341996434455,8.601387699506018,0.8,True,2026-05-26 12:00:00+00:00
P2-P4,False,40.6869302106892,2,True,0.54236669152084,66.07116348084577,8.09416058485931,66.5651115772079,-88.91936345026102,1152.5591630555869,1123.326430390343,0.0,False,2026-05-26 12:00:00+00:00
P2-P5,False,123.15370463781268,6,True,1.1740886462158926,72.56645585405735,10.572931149180476,73.33264885645524,87.87055305652409,546.0971566780938,534.4447650667828,0.0,False,2026-05-26 12:00:00+00:00
P2-P6,False,102.38971266105112,5,True,-4.456610227416547,-363.0971464636036,-1.7266040407530454,363.1012516248397,-88.38127735782332,451.50312301823215,425.58066903764905,0.0,False,2026-05-26 12:00:00+00:00
P4-P5,False,163.75060841888282,8,True,0.35345762934760216,6.490446609163488,19.2535134157215,20.318062802240018,82.7055283786332,178.233442567223,160.45200112486862,0.0,False,2026-05-26 12:00:00+00:00
P4-P6,False,143.05022732094264,7,True,-2.1131869408574744,-87.00961490683667,-9.848446967039308,87.56520424174548,-86.7510205928606,324.974157494227,85.69640573667617,0.9333333333333333,True,2026-05-26 12:00:00+00:00
P5-P6,False,20.771396329774074,1,True,-4.803522530125406,-614.7206666503207,8.633301268262585,614.7812878559361,-88.95284025029545,664.3733027058281,608.4608259496144,0.9333333333333333,True,2026-05-26 12:00:00+00:00
P1-P2,False,20.652044308464752,1,True,-4.760834911226098,-608.6602695528238,1.0008840592327033,608.6610924816997,88.98721346214535,669.9015409079218,602.6624436496517,0.9375,True,2026-06-25 12:00:00+00:00
P1-P4,False,61.25749962017285,3,True,-4.280155564201735,-478.40549702874006,7.684764906138298,478.4672143407304,88.82607773703198,639.7341798564647,572.693109573966,0.0,False,2026-06-25 12:00:00+00:00
P1-P5,False,102.59490083394954,5,True,-4.724956952343007,-384.0248174830264,-0.2202146334147983,384.024880622801,-88.38502299448547,428.68543672385266,418.80776612137714,0.0,False,2026-06-25 12:00:00+00:00
P1-P6,False,81.8343337754607,4,True,0.07298250251386662,7.171255070784304,-8.565940431292802,11.171492056243261,88.66258589121547,974.9904320778843,9.20635889709132,0.8666666666666667,True,2026-06-25 12:00:00+00:00
P1-P7,False,61.45581655623383,3,True,4.782316284131355,534.3586050665588,-0.7040613466615468,534.3590688956803,-88.83499550409141,582.9296955552114,529.4290870582262,1.0,True,2026-06-25 12:00:00+00:00
P2-P4,False,40.60620388212017,2,True,0.3059651172173403,37.319358441589564,-6.675094922981771,37.911626273778595,-88.91867510795318,1181.66443657947,1139.5541704981188,0.0,False,2026-06-25 12:00:00+00:00
P2-P5,False,123.23911725332786,6,True,0.88543205132315,54.691134449143846,-0.6183649478234656,54.69463010701348,87.86753399321414,563.0746126827352,538.325967675418,0.0,False,2026-06-25 12:00:00+00:00
P2-P6,False,102.48261052498972,5,True,-4.7011263277604485,-382.3461209976375,9.386387992124583,382.4613189872654,-88.37983210321174,431.25063341059183,425.32641365690677,0.0,False,2026-06-25 12:00:00+00:00
P2-P7,False,82.10605899920827,4,True,0.03255134196643894,3.190950436646649,0.14024917886945332,3.194031077073139,-88.66710332325513,976.9089227700632,972.103892706376,0.0,False,2026-06-25 12:00:00+00:00
P4-P5,False,163.7556327492468,8,True,0.23705942851772477,4.350993085686547,-7.1729713049217025,8.389437297752592,82.71214966925209,179.41658057190756,157.04468264387944,0.0,False,2026-06-25 12:00:00+00:00
P4-P6,False,143.06256319755616,7,True,-2.1250783261241395,-87.49330675120723,15.70896091720897,88.89235163589296,-86.7543548517948,324.61043430294444,86.15752212149049,1.0,True,2026-06-25 12:00:00+00:00
P4-P7,False,122.701085994288,6,True,0.7068645762444987,44.01992256665688,-6.540758912927231,44.50320336707802,87.8750416708508,579.12567597714,41.18246686737096,1.0,True,2026-06-25 12:00:00+00:00
P5-P6,False,20.763956815694513,1,True,-4.793504420669038,-613.084143497994,-9.030771683747844,613.1506518351529,88.95527326526923,665.6660222445978,605.8279015054114,0.9333333333333333,True,2026-06-25 12:00:00+00:00
P5-P7,False,41.144096068476436,2,True,0.07279523652920261,8.859239939408537,-0.21014946179002436,8.861732059834692,-88.91180842305926,1207.9528445916064,5.756042724510215,1.0,True,2026-06-25 12:00:00+00:00
P6-P7,False,20.38030386474833,1,True,-4.790334076948753,-613.0436246050616,9.232642655467316,613.1131440112136,88.96310453757266,666.4788015634082,653.4422382798766,0.0,False,2026-06-25 12:00:00+00:00
P1-P2,False,20.721808432180122,1,True,4.794135266446801,612.7327030960188,-7.977487780643969,612.784632440015,-88.98666893110348,665.6144608839785,654.7718969360902,0.0,False,2026-07-25 12:00:00+00:00
P1-P4,False,61.24806847227046,3,True,-4.711288028297929,-527.0639025837746,-16.865823895797803,527.3336831860096,-88.82476280950932,591.7388420005426,571.4920359005902,0.0,False,2026-07-25 12:00:00+00:00
P1-P5,False,102.59913203209375,5,True,4.869972240658456,395.3443617326483,2.618495221388912,395.35303321337943,-88.38486445175516,416.88805861888005,395.01411681868336,0.9375,True,2026-07-25 12:00:00+00:00
P1-P6,False,81.83717439045068,4,True,-0.30421271915663795,-29.888773686693224,6.54802634360658,30.59763784168528,88.66710428042981,952.2420244101496,29.9532067238417,0.9375,True,2026-07-25 12:00:00+00:00
P1-P7,False,61.408631628827365,3,True,4.446853325377788,496.77384793123304,-7.916528802934408,496.8369223565128,-88.83728001134423,620.6079954558174,500.80671573608834,1.0,True,2026-07-25 12:00:00+00:00
P1-P8,False,40.93994234498522,2,True,-0.8771550854407622,-106.84851877811663,6.45868595540378,107.04354529511843,88.93203936414871,1110.832966939125,1094.3038512426983,0.0,False,2026-07-25 12:00:00+00:00
P2-P4,False,40.52699714945231,2,True,0.3812767907330823,46.44938322577847,8.870925624527445,47.288883720078736,88.91615135368141,1172.7946512661058,1146.3796076214542,0.0,False,2026-07-25 12:00:00+00:00
P2-P5,False,123.31297527725722,6,True,0.9563179004036897,58.97937877057397,10.504710190207334,59.907562597247086,-87.86178573430024,558.125452777175,546.709751338878,0.0,False,2026-07-25 12:00:00+00:00
P2-P6,False,102.55517897683288,5,True,-4.784836036974568,-388.9648982636722,-1.303816615127289,388.9670834646998,88.3816480539681,424.0031015674415,398.5975545459871,0.8823529411764706,True,2026-07-25 12:00:00+00:00
P2-P7,False,82.1286048152118,4,True,-0.13014128127184676,-12.75015837148232,-0.0017347578268527286,12.750158489495941,88.6671902580778,967.1750676434814,964.1705701838569,0.0,False,2026-07-25 12:00:00+00:00
P2-P8,False,61.660899145378984,3,True,4.317451394621855,481.7823599613093,-1.4903663326476817,481.7846651375426,88.82901073559455,634.1880352583145,617.3486661371995,0.0,False,2026-07-25 12:00:00+00:00
P4-P5,False,163.74990329025516,8,True,0.330992795751456,6.080962649841098,19.94735524726275,20.853658866234078,-82.6979305734162,178.7265062875256,162.183852643333,0.0,False,2026-07-25 12:00:00+00:00
P4-P6,False,143.05601503817215,7,True,-2.2990689370191717,-94.602160192184,-10.19564172491846,95.14998593384311,86.75829979573152,317.28350770949623,90.86694296720222,1.0,True,2026-07-25 12:00:00+00:00
P4-P7,False,122.64444253750683,6,True,0.5080716478222485,31.714374379755974,9.006654544533376,32.96849053845028,-87.87568042692719,592.0778124321847,30.960184988941545,1.0,True,2026-07-25 12:00:00+00:00
P4-P8,False,102.18257716921315,5,True,4.385354498219897,358.2359033454884,10.494047626631982,358.3895750176728,-88.37606350042745,458.44847563475315,352.942971729535,1.0,True,2026-07-25 12:00:00+00:00
P5-P6,False,20.76546547720228,1,True,4.857131419738323,620.5705350543382,-8.969306083393349,620.6353498063457,-88.95730279746124,657.5279650050246,615.604187790782,0.8823529411764706,True,2026-07-25 12:00:00+00:00
P5-P7,False,41.19555761344479,2,True,0.14141275027327538,17.195871290613187,-10.491163833707105,20.14354755322455,-88.91194976010448,1199.44286491903,13.561884205792632,1.0,True,2026-07-25 12:00:00+00:00
P5-P8,False,61.66407274596691,3,True,4.69831776010497,524.6420539901773,9.041666841760161,524.7199601256935,88.81340736125061,591.7399698133843,520.3187495523979,0.9,True,2026-07-25 12:00:00+00:00
P6-P7,False,20.430286866260037,1,True,-4.692552280440111,-600.2868322567754,-1.473229621153223,600.2886400610881,-88.96735354909545,678.8689869775457,638.6409637792489,0.058823529411764705,False,2026-07-25 12:00:00+00:00
P6-P8,False,40.899337670505304,2,True,-0.004242850730463488,-0.5166956898509736,0.02986049502123933,0.5175578084363976,-88.91541059988499,1217.262483940263,1171.6849650971656,0.0,False,2026-07-25 12:00:00+00:00
P7-P8,False,20.469323693543906,1,True,4.633789484335537,592.5950446747524,-1.4535558035140639,592.5968273603444,88.97499682420654,686.3430103545705,582.5604514404592,1.0,True,2026-07-25 12:00:00+00:00
P1-P2,False,20.816811127951453,1,True,-4.485061271338566,-573.4053654817075,-0.9132001965290328,573.4060926584312,-88.99022825702316,704.9737468352506,557.5366332646552,0.8823529411764706,True,2026-08-24 12:00:00+00:00
P1-P4,False,61.2501213320523,3,True,-4.3763462178079635,-489.34172943461556,4.614270152454992,489.36348418644843,-88.82547966975403,628.9679830260828,489.9439971228882,0.9444444444444444,True,2026-08-24 12:00:00+00:00
P1-P5,False,102.43913401604149,5,True,-4.828783815385179,-393.0883376319706,0.7380209384782574,393.08903044624856,-88.39842364197844,420.9587345580079,376.04916972881784,0.967741935483871,True,2026-08-24 12:00:00+00:00
P1-P6,False,81.81010532124976,4,True,-0.3377082495711079,-33.195718280829865,-9.221013459171445,34.452616756850894,-88.66857590206698,949.1672336561185,16.485249005907896,0.8823529411764706,True,2026-08-24 12:00:00+00:00
P1-P7,False,61.33478716563588,3,True,4.618388171545661,516.2131197245477,1.2818663042580738,516.2147112946047,88.83998547117156,601.6189598008785,502.91339280303634,0.8888888888888888,True,2026-08-24 12:00:00+00:00
P1-P8,False,40.87303898993399,2,True,-0.149864225382089,-18.254054359357255,-0.8432440993356067,18.27352076545278,-88.93595155149856,1199.6297100221202,25.758725999985252,0.9444444444444444,True,2026-08-24 12:00:00+00:00
P1-P9,False,20.666509095739833,1,True,4.462555794456335,570.6036655989247,-1.6761570354810829,570.6061274621376,88.99295854473503,708.0219409124434,549.0527171232401,0.8181818181818182,True,2026-08-24 12:00:00+00:00
P2-P4,False,40.43404948638538,2,True,-0.10042787145813747,-12.250374611153418,-5.505702875349016,13.43072754042828,88.91557027208957,1207.3749189423245,1187.7596166267067,0.0,False,2026-08-24 12:00:00+00:00
P2-P5,False,123.24800444924415,6,True,0.5342717753868556,33.00385555211307,1.7341868323119343,33.04938555062876,-87.8752439831352,584.6835949860601,24.81364420671676,0.7647058823529411,True,2026-08-24 12:00:00+00:00
P2-P6,False,102.62301645891233,5,True,4.570130838690204,371.5645134767379,-8.239907002152904,371.65586735932084,-88.3797896555297,441.20708166220584,370.1254068773345,0.9411764705882353,True,2026-08-24 12:00:00+00:00
P2-P7,False,82.14970628794303,4,True,-0.5496169512203011,-53.83775625305786,0.3498027246159836,53.83889263636298,88.66781020200524,925.919231601748,923.5428907566304,0.0,False,2026-08-24 12:00:00+00:00
P2-P8,False,61.688966981598206,3,True,4.42633381916886,494.01277803538414,0.1184904509491389,494.0127922455295,-88.831367263441,621.9426458639564,617.6805324184414,0.0,False,2026-08-24 12:00:00+00:00
P2-P9,False,41.48302301492353,2,True,-0.8058939127461144,-97.95519499362494,2.570570550731645,97.98891804278367,-88.93383091233407,1117.4988981236481,1096.064867430903,0.0,False,2026-08-24 12:00:00+00:00
P4-P5,False,163.5934262934744,8,True,0.1344210265201582,2.492323304959378,-2.9619522261182283,3.8710252448479805,-82.78383714196195,182.97747885071485,1.4347503547590132,0.7777777777777778,True,2026-08-24 12:00:00+00:00
P4-P6,False,143.03060960414814,7,True,-2.345359272600305,-96.60358510699658,13.409196299681753,97.52978622414862,86.74973968252426,315.70694946836954,94.21102391675771,1.0,True,2026-08-24 12:00:00+00:00
P4-P7,False,122.57246369376838,6,True,0.4814375347904729,30.05766445802797,-5.599544416309072,30.574795017164316,-87.87319274408661,594.3773777293886,26.79760379421271,1.0,True,2026-08-24 12:00:00+00:00
P4-P8,False,102.11763356947061,5,True,4.813925789796031,393.1748559392138,-5.264845725177111,393.21010407075175,-88.37585633254088,423.67282109638523,388.25325824355576,1.0,True,2026-08-24 12:00:00+00:00
P4-P9,False,81.91468749877995,4,True,-0.519900715809726,-51.04652082228511,2.8105934039522253,51.12383713437722,88.65637317843547,930.4932932758769,41.28998134328696,1.0,True,2026-08-24 12:00:00+00:00
P5-P6,False,20.63225913758504,1,True,4.870778970047155,622.4224239806587,9.976007672814376,622.5023651385164,88.95995956838632,655.9359457483795,585.2709777928205,0.7647058823529411,True,2026-08-24 12:00:00+00:00
P5-P7,False,41.10916499398831,2,True,0.040071971458132793,4.8760314771505735,2.127202392529398,5.319837684078904,88.9162169343143,1212.0687289908633,6.343830721434634,0.9444444444444444,True,2026-08-24 12:00:00+00:00
P5-P8,False,61.570805247706446,3,True,-4.775244871813584,-533.2165964707534,-1.682058858432356,533.2192495342395,-88.81987291380814,583.3701948555139,512.6894005630987,0.8888888888888888,True,2026-08-24 12:00:00+00:00
P5-P9,False,81.77601808376781,4,True,-0.10022072863148423,-9.846318026139677,0.7228930891660639,9.872818902939889,-88.66711379906425,972.7015771301104,1.5058993787506658,0.9090909090909091,True,2026-08-24 12:00:00+00:00
P6-P7,False,20.477059953074072,1,True,-4.714163261405986,-603.4016785061998,7.86270284379043,603.4529043099461,-88.96474631514253,676.0978446029432,659.0041588346713,0.0,False,2026-08-24 12:00:00+00:00
P6-P8,False,40.93917576988932,2,True,0.3423133567488037,41.64960929322853,-8.279024878786004,42.46448171380578,88.9143500869624,1175.9673936305555,1162.0696714077444,0.0,False,2026-08-24 12:00:00+00:00
P6-P9,False,61.145250265140284,3,True,-4.793470390586435,-536.7064003703216,10.729527064440845,536.813638937662,-88.82588920094557,582.7137893462485,547.841782773619,0.18181818181818182,False,2026-08-24 12:00:00+00:00
P7-P8,False,20.462386095736406,1,True,-4.8215684252590165,-616.552343425448,-0.40996707355134276,616.5524797261081,88.9753199491409,662.3305731608147,659.9805236323713,0.0,False,2026-08-24 12:00:00+00:00
P7-P9,False,40.66896100734572,2,True,0.005043932566081821,0.6147306243135655,2.8540956588067274,2.919547185795831,-88.93107430322975,1218.0760058257413,3.7859793830804995,1.0,True,2026-08-24 12:00:00+00:00
P8-P9,False,20.206751437718726,1,True,4.766651192294347,609.89271661565,-2.5003520999516695,609.8978418894768,88.98240313414388,669.6269703494667,646.193292753128,0.0,False,2026-08-24 12:00:00+00:00
