id_1,id_2,sgp4_dmin_km,V1,V2,V3,V4,V5,V6,gamma_deg,plane_1,plane_2
2024-140D,2026-075P,47.07587845239832,41.066585348696634,39.65853423995919,39.65843505960751,40.80224123799241,40.76418624552782,47.393961169412925,41.35547093378061,P5,P7
2024-140D,2026-124N,48.18849777931997,43.18354790394506,42.323115181869824,42.322981685212945,43.390198827868254,43.3499851560202,48.564153556733594,82.04953867102472,P5,P9
2024-140F,2026-075K,43.73436269907487,33.03869682681942,31.678755624069783,31.678666976837977,33.092028318580624,33.06211646289825,43.409308373130564,41.49474969450642,P5,P7
2024-140F,2026-124P,35.35787924758108,25.331527375541405,24.08888648412178,24.08880970406135,26.071072845652584,26.047641847348554,34.91396756573218,82.1249040660827,P5,P9
2024-140H,2026-075S,27.046778810014423,28.62758219133492,27.213213623451004,27.213130524648097,29.816425765728212,29.7904282652378,26.717445126004815,41.23637772853113,P5,P7
2024-140H,2026-124Q,13.774205026202235,8.40977959034311,7.354153297701692,7.354136734789666,14.561108515078425,14.55669922092867,13.565464565749608,81.90322695839572,P5,P9
2024-140J,2026-124T,13.70892870948786,8.594133609080547,9.480875741371966,9.480882319639228,15.556620988162532,15.550455085349757,13.764535084349765,81.9186404669877,P5,P9
2024-140K,2026-075M,11.152028395227015,14.152248720371801,15.406538865467045,15.40652150784297,18.75903874223455,18.743912919841573,11.068562196744551,41.789103634000114,P5,P7
2024-140K,2026-124K,10.436310961773376,19.002533793102245,19.787425603391466,19.787378815728083,22.346037310919737,22.326407886261528,10.42404984112045,82.46872650253073,P5,P9
2024-140M,2026-124G,30.134665355520788,29.705626534285347,28.853848816710773,28.85374521493657,30.38169410377973,30.351248510519934,30.20877209965892,81.98671268098778,P5,P9
2024-140N,2026-075T,41.26432424311293,30.014402181438907,30.281163712157536,30.281124126978046,31.702166117503317,31.666194103452092,41.265830402852586,40.96778169508863,P5,P7
2024-140N,2026-124A,47.655407651603774,58.67756617959973,59.95100855192186,59.95087674970732,60.67068480159691,60.60908658960938,47.04426992028374,81.75413171355389,P5,P9
2024-140P,2026-075J,12.021956115910024,4.2682994827778105,5.8211790668663035,5.82117148999347,13.30298507920795,13.28597616391178,12.033836673397373,41.28255829809664,P5,P7
2024-140P,2026-124H,35.578427013135496,33.18013558462305,34.22838670009561,34.22823446260261,36.33100208835377,36.29202760063959,35.25682293182378,82.00416983960955,P5,P9
2024-140Q,2026-075L,19.774846083762768,23.207056308302196,24.634206734900815,24.63415412350391,26.3714438363128,26.348111793930187,19.7988623040813,41.26675239242402,P5,P7
2024-140Q,2026-124J,19.17843531846185,20.364073233080717,21.313580807888712,21.313516454591763,23.404694057302272,23.385573623787174,19.16075932700685,81.97607283408654,P5,P9
2024-140R,2026-075F,11.428966048139385,2.467307125241554,3.8522004589710153,3.8521993954800395,10.889878072226566,10.860080489417115,11.369573888413042,41.149722877973524,P5,P7
2024-140R,2026-124F,42.61595857047441,53.83521009595311,53.0987684211661,53.09858210371241,54.09123973901246,54.03351761166921,42.57532100419392,81.8499255384064,P5,P9
2024-140S,2026-124E,11.20943749867282,15.797698401389674,15.06090766897987,15.060880139272845,18.71330475015416,18.688517974647485,11.206708958672817,81.79993236861351,P5,P9
2024-140T,2026-075N,12.674708410311265,0.9085153783090254,0.48996152413338956,0.4900907531923247,10.530610322823042,10.538665740810751,11.143227860879914,41.53589580778544,P5,P7
2024-140T,2026-124R,11.390486432657958,0.3902469854969166,1.3664403341092282,1.3664544899040194,10.933692807377193,10.943111627675034,11.5366579917278,82.2213054685111,P5,P9
2024-232B,2025-046N,7.963682294608026,18.037199525090728,18.18229260075187,18.182261959205476,18.67155127670735,18.65062086270015,7.802671091384492,82.37286441849717,P1,P6
2024-232C,2025-046D,24.102811585501176,55.63922463890357,55.75793772898424,55.757780978312795,56.06921683422027,56.00592497828374,24.176020216202343,82.09986375545418,P1,P6
2024-232E,2025-046A,16.062031929738623,56.55778144017461,56.59039138495692,56.59014803936398,56.83158869911718,56.7686329715568,16.840063027722504,81.8709480834735,P1,P6
2024-232H,2025-046T,11.89441006210863,11.752939198395179,11.677021955777178,11.677048213095832,13.957754477428646,13.949628228754376,11.900996235177432,82.23838364813264,P1,P6
2024-232J,2025-046K,15.881606082554732,13.48532410222245,13.249145544214635,13.249144649652651,14.517812921429988,14.475667139461653,15.06775588023959,82.14039148073738,P1,P6
2024-232K,2025-046J,29.93685439164677,27.25016257910478,27.058634890870522,27.058563677450774,27.906507097804816,27.874808959070876,30.02922991024897,82.34130377631655,P1,P6
2024-232L,2025-046B,23.872095989274992,33.139527154340456,33.30699837904979,33.3069341211477,34.97022650844027,34.93295308999973,23.541689343319316,82.3615673775978,P1,P6
2024-232M,2026-121A,39.18421699380935,30.73224628278559,34.358749203587685,34.35864299260043,35.963389291307365,35.930784812697745,40.22801570220287,81.9014946131757,P1,P6
2024-232P,2025-046R,25.16661669909248,45.75214564173758,45.700923542596705,45.7007928364997,45.984568055594295,45.93656360816101,26.0354304844146,82.36527891333978,P1,P6
2024-232Q,2025-046G,15.16453996414195,16.070640645673212,16.183897758874725,16.183878716428826,17.600166890016624,17.565203105362492,15.013672046200483,82.1334071386356,P1,P6
2024-232R,2025-046M,17.312258589548218,10.881555894214745,11.050521957788382,11.050604008474318,12.200270554116576,12.206156143687531,16.929875507616913,82.16652251090888,P1,P6
2024-232S,2025-046S,9.429318933485392,17.47184469206904,17.38702796659899,17.38701235151224,18.55322112669523,18.502359551919238,10.10747067962783,82.03910829037318,P1,P6
2024-232U,2025-046Q,41.1559829373068,69.56868951495102,69.24133423815536,69.2411235247847,69.24763318886387,69.18015865908775,42.138802332698276,81.96919992061477,P1,P6
2025-016A,2026-075K,12.398559869924528,13.829270393639298,17.16101013343953,17.160958242971216,21.131821744351956,21.154397738236916,12.451786482053881,122.63681253183995,P4,P7
2025-016A,2026-125N,13.773407215593227,4.294170967871239,7.501913792571505,7.502071355951882,14.509761099595508,14.533937409394527,12.773466893493323,163.529987974386,P4,P5
2025-016B,2026-075T,32.053542291047194,27.073046816143904,30.68163285467291,30.6815716784518,32.69026848623663,32.68303605546129,32.48233422229198,122.44553397734292,P4,P7
2025-016B,2026-124A,37.626956349974186,33.28330781750366,34.20528330197198,34.205176794989754,35.950752491259216,35.95006047650031,37.84250100790572,81.66857579015726,P4,P9
2025-016B,2026-125Q,17.832567061171286,10.002517311705796,13.857921819779808,13.857882438141763,18.15325680926765,18.16342441661591,18.4239365907418,163.31705412915227,P4,P5
2025-016C,2026-075L,0.8381651289254777,3.468268558432613,0.10628835750722736,0.10962609077579971,0.3211264390057594,0.32088078479218435,0.35695011791535836,122.64383676077053,P4,P7
2025-016C,2026-125G,9.284208822801045,13.043599584539725,9.318068376416171,9.318103978446057,9.317110111463915,9.30793471706046,9.300831742523595,163.5198981385112,P4,P5
2025-016D,2026-124B,22.32572518908108,37.18551953559087,36.50380850898527,36.503692767373046,37.61119254011378,37.60270483462427,22.679945518515115,81.6444066935783,P4,P9
2025-016D,2026-125A,11.321905748639436,13.280969239429924,8.948545347700467,8.9485070072855,13.286289559952907,13.298563166790512,11.56303996219523,163.2714784837353,P4,P5
2025-016E,2026-075Q,34.99394003455821,30.141890567239415,33.662894597932464,33.66283546241453,35.061459101740816,35.053881604546675,35.05823009575736,122.55652543873578,P4,P7
2025-016E,2026-124G,34.787662968100385,33.06582295134029,33.703268668599776,33.70313391489283,35.09742393440181,35.107407468886514,34.85123348485804,81.81489439889444,P4,P9
2025-016E,2026-125K,10.482297219728512,5.264412502668893,1.7229059057490874,1.72300708091324,10.526024928009765,10.545407485763171,10.429283813585846,163.39567262809868,P4,P5
2025-016F,2026-124N,13.095904787214373,27.115966252187377,28.106096961021397,28.10594916735803,30.01748645714019,30.038028356968255,13.404698754537726,81.77585839110264,P4,P9
2025-016F,2026-125R,15.627212823758176,8.13153214905737,12.046675885426687,12.046619972118988,16.4282632502773,16.45501372881518,13.909264440574091,163.34967956057935,P4,P5
2025-016G,2026-075F,18.214228054474557,7.285641342173754,10.138235478377032,10.138189974646947,14.260014912055883,14.282781253953566,18.19907821726783,122.79135158009177,P4,P7
2025-016G,2026-124F,9.98587108077228,26.077423355638125,25.792206716258665,25.792100154775067,27.51613298193846,27.52262231109936,10.150266157949961,82.10036971437344,P4,P9
2025-016G,2026-125H,10.519844281856637,7.090451575786569,4.042291279833634,4.042413276564053,11.03145111973025,11.065523455526456,10.328991354923703,163.67945468646235,P4,P5
2025-016H,2026-075J,28.25831543750236,19.4185811386039,22.96674138384398,22.966674292215345,25.399263756951573,25.402422572035697,28.25546533549112,122.52642990462968,P4,P7
2025-016H,2026-125F,15.83846948937499,19.51600712781752,15.912800649095312,15.912728121390598,19.53771073501656,19.56253001590492,16.563931908368627,163.38919428867553,P4,P5
2025-016J,2026-075G,25.499495663036114,35.57796818961229,38.772947714677336,38.77284989324534,40.37846488735244,40.39350151018862,25.66833784615774,122.47067176468916,P4,P7
2025-016J,2026-124L,18.01861744471023,9.770170116368385,10.15952376080645,10.159509701138333,15.024463615179249,15.037010156419635,11.12261360626003,81.78507301734459,P4,P9
2025-016J,2026-125M,11.962238233868998,0.3632027626340803,2.7166667539622713,2.71668122795678,12.0787960255037,12.096759273372221,11.771885312852014,163.3637975414497,P4,P5
2025-016K,2026-075B,11.647435969432852,2.278529412886048,1.112611238442469,1.1128115949411816,9.531805888647385,9.565432766207454,11.561147960836331,122.39426668707934,P4,P7
2025-016K,2026-124E,14.621749705022037,13.329359467158296,12.468349101468007,12.468311803819207,15.42431246398491,15.433183649443222,10.058508885536206,81.69579381258606,P4,P9
2025-016K,2026-125E,14.901732310803045,2.0767615738568175,5.541828023638663,5.542340124068415,11.305672708850892,11.337792049409838,12.340897423927478,163.2961248906994,P4,P5
2025-016L,2026-075E,42.74470733415513,32.981658306216076,36.3231205100771,36.32306253034188,37.5494647402379,37.54590317374525,42.71768261630243,122.44421436340546,P4,P7
2025-016L,2026-124D,13.184687474018496,32.546309146935485,31.71652633926886,31.716471866631537,32.95532334431767,32.954481022081,13.669177354959395,81.711377923781,P4,P9
2025-016L,2026-125B,13.566290259365344,4.186744932013338,7.687857625309034,7.687850772245924,12.436714102115998,12.458596057930448,13.628034590155261,163.29469941438947,P4,P5
2025-016M,2026-124T,11.01120652727409,7.232195643389836,6.4205834915870925,6.420652915999508,11.382127560982301,11.397358214964253,11.274060503392437,81.73718127299121,P4,P9
2025-016M,2026-125T,12.039270515515632,5.873038299486147,9.20251545287862,9.202525078360413,13.795266698006424,13.810688523825961,12.024101512338802,163.33358769318576,P4,P5
2025-016N,2025-046F,32.87769036826933,39.901916721929176,46.150206185250184,46.15026962912001,48.55451465729022,48.514417986855065,32.85085701152794,142.99037089830068,P4,P6
2025-016N,2026-124K,11.73458456597744,0.9831147753532213,1.8798098751035468,1.8802356980087969,10.482077138595267,10.499007268915143,11.926964279687484,81.80713914251454,P4,P9
2025-016N,2026-125J,11.088506364311073,2.8360442409241937,6.252979313861505,6.253133604900267,12.408083135766992,12.423878208126872,11.087323367279195,163.33118257872272,P4,P5
2025-016P,2026-075H,36.7120135517464,28.557732650444372,32.029046415194856,32.02897139560618,33.647619395632645,33.658609041380025,26.49201007782814,122.54810083445132,P4,P7
2025-016P,2026-124S,21.380945340985004,7.531397352767164,6.813745724292564,6.813736444666923,12.240089058952812,12.25286950985759,11.027553050234301,81.75972745262636,P4,P9
2025-016P,2026-125C,13.480364725013038,6.9373320499711495,10.279465681717225,10.279460072503609,14.736706627403533,14.751132695350593,13.472844259614334,163.43261815373828,P4,P5
2025-016Q,2026-124M,43.69369838814459,66.5388510149652,67.50928550862827,67.50914089173605,68.29409311195316,68.29996155427605,43.89557124020476,81.64620842625747,P4,P9
2025-016Q,2026-125L,15.21606173385972,11.46840812644016,15.316698508919998,15.31664834641333,18.972753114219916,18.99802502259832,15.496991956239368,163.21965189581854,P4,P5
2025-016R,2026-075N,47.47177548028758,52.37928131658634,55.842414065936715,55.84226940631332,56.65673241566229,56.658293208277726,48.128525540044066,122.53680554652344,P4,P7
2025-016R,2026-124R,10.07992292500792,10.69614476117739,9.719302040888309,9.719281367930806,13.425380016115586,13.454939393559526,10.068041026563943,81.86048228940423,P4,P9
2025-016R,2026-125S,11.378665938159807,4.45446337447984,8.145263841209431,8.145241266002943,13.169085542055566,13.202350385926485,11.814287609273382,163.4776956036316,P4,P5
2025-016S,2026-124Q,11.966874408734991,3.7256846851916063,4.831750729134787,4.831743334612094,11.80275692288524,11.827487337536482,11.941558024141672,81.8440351057833,P4,P9
2025-016S,2026-125P,12.315313095149758,4.8234450516917935,1.396687554475538,1.3970037251178573,11.35582037006604,11.378722129124291,11.393837238064155,163.37451439790058,P4,P5
2025-016T,2026-075A,15.591203255938634,13.134549346646555,9.726642651152908,9.726655099673787,16.85256541303267,16.867216902875704,13.78447022848113,122.4650980433807,P4,P7
2025-016T,2026-125D,15.846808441057126,1.8559879893675664,1.659965001326618,1.6616642014509668,14.166044492153516,14.191255295709025,14.844206914233158,163.32782235267436,P4,P5
2025-233B,2026-125D,36.78617599646022,36.08903791382456,37.36293062881471,37.36394610517751,37.355761338342525,37.31820157650816,37.26416148074195,123.15093398320863,P2,P5
2025-233C,2026-125E,1.3790584909845018,1.707921759311832,0.12876444001781392,0.1304959477502216,0.3455014433542243,0.34888665692729914,0.5188895414497433,123.24644307659561,P2,P5
2025-233D,2026-125A,34.17677067574654,35.36133291842276,34.503090863738244,34.502936099392954,34.49745764993596,34.46284987747853,34.61724861567845,123.15805481469337,P2,P5
2025-233E,2026-125B,30.9386171006526,31.32588064016741,29.80882842786949,29.80868597484471,29.80519194693864,29.7753169589597,30.06955436292692,122.67096293320822,P2,P5
2025-233G,2026-125H,23.041550216664067,23.865921936250935,22.62585284602338,22.62586187091857,22.621624132769014,22.59892690621487,22.70385747069342,123.2239470144669,P2,P5
2025-233H,2026-125K,9.411002753700098,9.141082303474231,7.94280475389595,7.942867540759704,7.955334397024522,7.9476781541015065,8.0368212806286,122.93139550522585,P2,P5
2025-233J,2026-125G,37.785372014328246,37.984401051765595,36.91189722876247,36.91179033720425,36.908326827677776,36.87129653620486,36.81112948091121,123.22648523001023,P2,P5
2025-233K,2026-125F,1.117895116074065,2.5052052013914774,1.0394727190035087,1.039969386841562,1.0656511621636515,1.0662665952231087,0.995471556892685,123.15882671475164,P2,P5
2025-233M,2026-125J,19.639390070557656,20.4612024472742,18.996569252816716,18.99646101218831,18.9955072917771,18.97643452562412,18.697527415454903,123.12365415159144,P2,P5
2025-233N,2026-125M,34.97755082919603,36.926757011812185,35.200024463345564,35.199873616785986,35.19404977376797,35.158720841938674,34.86125828535392,123.22961425135964,P2,P5
2025-233Q,2026-125R,22.509267640368783,23.85733769662481,22.428106987234845,22.427993281386694,22.424990014008767,22.402463107441772,22.32022394795494,123.02036871741498,P2,P5
2025-233S,2026-125P,25.771559950742937,28.480132249949182,26.925504503768433,26.925329494858993,26.92074617589476,26.89374502471174,26.64439570842283,123.23330012259608,P2,P5
2026-075A,2026-124C,28.17769940745662,28.81586497308264,29.305859673689188,29.305774991866734,29.300398576419198,29.27092477211523,28.59681893045521,40.751653102407055,P7,P9
2026-075C,2026-124B,3.129598107072756,3.976243952842137,3.3915140327701554,3.3915077083945335,3.4051576929519234,3.4020086196298784,3.3044366707271635,40.76654201691375,P7,P9
2026-075D,2026-124T,24.10388512997186,25.48095109882119,25.091557450965595,25.091470420484367,25.088081971462685,25.062886132752247,24.05814540803111,40.74353073798154,P7,P9
2026-075E,2026-124D,37.52944042297674,39.189675410523215,39.68057545697588,39.680538276076476,39.676048879808306,39.63623010959392,37.967008551696196,40.74410651559672,P7,P9
2026-075J,2026-124H,6.95776442598643,7.060432357789347,6.635111524285522,6.635136926258733,6.63896453165656,6.632431836868429,6.740211919139833,40.72379562016681,P7,P9
2026-075K,2026-124P,28.88292581891572,28.423465361731505,28.627520851874053,28.627422901512354,28.623817145699878,28.59500048443191,29.041178318474223,40.63238110157503,P7,P9
2026-075L,2026-124J,26.333934548922468,27.80194193877216,28.19875209273334,28.198710632108106,28.194810584189685,28.166494961049203,26.817699537135613,40.71149815127859,P7,P9
2026-075M,2026-124K,18.986257027517496,21.012368793757542,21.424937929900747,21.424899662913614,21.422463927487613,21.400936018727187,19.63041917259822,40.68184569559287,P7,P9
2026-075N,2026-124R,28.915980588224016,28.77513845796741,29.122795890861358,29.122731285419935,29.118926589598043,29.089686147770603,28.928383093785143,40.68761274800787,P7,P9
2026-075P,2026-124N,42.70707324994479,42.45723663239188,42.86417445438792,42.86395605776389,42.855173405333254,42.812117638108866,42.819163949427654,40.696240656411426,P7,P9
2026-075S,2026-124Q,11.618418297425675,11.514272447179534,11.80406739958991,11.804041279332628,11.805828784539438,11.794005636968878,11.818212481824649,40.669025372575184,P7,P9
2026-104B,2026-108F,14.316719489248053,15.486815499484187,14.218345812911142,14.218306326372716,14.215326783019627,14.20103968021916,13.797975945404493,40.72671837035676,P8,P1
2026-104D,2026-108A,15.931989608898029,15.798420390778471,17.038086929803114,17.03805885553779,17.048367547058096,17.031363714654628,16.057150849224154,40.757487315009605,P8,P1
2026-104G,2026-108J,36.14835254822896,38.043179655239186,36.824576572710725,36.82440916846119,36.81724643506782,36.78026092409462,35.913825549611126,40.75081771044168,P8,P1
2026-104H,2026-108Q,8.99645353420304,10.32416788776543,9.063676218783103,9.063659254611837,9.06479199722422,9.055719097361214,8.205370032720964,40.70972785239323,P8,P1
2026-104K,2026-108B,7.493410191703584,5.627998740982612,6.8340437663947515,6.834049766481854,6.832702384757327,6.825839955899522,6.816296408668467,40.60727228197081,P8,P1
2026-104L,2026-108L,13.932501451905877,14.15251788487449,12.920784232407511,12.920757680128148,12.917890620593965,12.904913059337348,12.910656838134425,40.86725749895715,P8,P1
2026-104M,2026-108P,2.133411802967147,0.034188197776752784,1.2472286327737403,1.2472601562798202,1.33832825984733,1.3371992817507923,1.9787265843654036,40.71047470422458,P8,P1
2026-104N,2026-108G,31.073472345246167,29.552179754138407,30.80172888497442,30.801565849304914,30.799488717148016,30.76858095270124,31.48275978622793,40.781201894532934,P8,P1
2026-104P,2026-108M,7.919586419161607,5.970944334769475,7.303673812984547,7.303657139102751,7.315505382451265,7.308288084043745,7.812506753440548,40.76098961262793,P8,P1
2026-104Q,2026-108T,15.0084972737712,16.27678551342849,15.081866034458145,15.08184334172678,15.078956616356706,15.06380254292187,14.846648310769378,40.74685860886994,P8,P1
2026-104R,2026-108S,24.04776473822945,22.825110189987576,24.020888358336734,24.020858173198977,24.020273992854186,23.996159320538716,23.655389328595476,40.72252716967965,P8,P1
