sid,migrations,range_deg
60379,0,1.1977828444252623
60380,0,1.3842334479671194
60381,0,1.0905456837916887
60382,0,1.2034874522813652
60383,0,1.4523894901524133
60384,0,1.0204028596510852
60386,0,1.1209265672827868
60387,0,1.2477354239409806
60388,0,1.3344055541720934
60389,0,0.9312658192398287
60390,0,0.6946138384293832
60391,0,0.6210937391936184
60392,0,1.1255332509298341
60393,0,1.3844468803055747
60394,0,2.4333561802109287
60395,0,1.0823274954391877
60396,0,1.0573918954875268
62238,0,3.7770721810178696
62239,0,0.9111899034853082
62241,0,0.930235902402849
62242,0,1.0289489013954096
62244,0,1.1267933618796633
62245,0,0.9300313001313896
62246,0,0.9183915228083137
62247,0,1.0286363458030507
62248,0,1.9850786090353552
62249,0,1.332989678745065
62250,0,1.2087911605971016
62251,0,1.0136991995026818
62252,0,0.9323244843968013
62253,0,0.9585976084902939
62254,0,0.8238445871083826
62255,0,0.9492272891902189
62785,0,1.1324927557819109
62786,0,1.2221227369967664
62787,0,0.9847122834985385
62788,0,1.088896886312952
62789,3,13.796149163886046
62790,7,74.3057893017251
62791,0,2.3681568691844177
62792,0,1.0924640326563875
62793,7,71.74894560732076
62794,0,9.298258542976008
62795,0,4.110875646306539
62796,0,1.2350877990757851
62797,0,1.1789570780059364
62798,2,6.436927811223157
62799,0,1.1254520089783568
62800,0,4.243575285703372
62801,0,0.765870963864522
62802,6,26.36201795655933
63159,0,1.4113374684572335
63160,0,2.6051941994544743
63161,0,4.016821675412757
63162,0,2.0280148439591414
63164,0,3.285857429755671
63165,0,1.4339311487711441
63166,0,1.2153224601222519
63167,2,10.280500715318027
63168,0,2.981837264687016
63170,4,16.81820767847381
63171,0,1.3689294925485598
63172,0,1.2479865144260742
63173,0,1.5504637546927391
63174,0,1.4084588433354064
63175,0,1.343337808936866
63176,0,1.6579137408433198
66033,0,0.5857123235688277
66034,0,1.9796219955924244
66035,0,1.229499558484008
66036,0,0.4778548535390712
66037,0,0.3723279825187831
66038,0,0.44584564474599375
66039,0,0.5452483805794373
66040,0,0.5836954621073573
66041,0,0.6012710673607132
66042,0,1.7537300196501722
66044,0,0.4650028876546912
66045,3,30.56465742392146
66046,0,1.1350782719987365
66047,0,4.62615269495484
66048,5,10.755398243914257
66049,0,0.7214930491722384
66050,0,0.43128558943871553
