sid,days,reversals,gap_med,amp_med
60379,541,7,64.0,0.7601688635040296
60380,551,8,90.0,0.9578537368194695
60381,555,8,89.0,0.36191214687916673
60382,546,8,61.0,0.5105775928094545
60383,558,10,55.0,0.09580039389135614
60384,511,9,47.0,0.11342769529059002
60386,536,8,14.0,0.11221868322358017
60387,550,9,54.0,0.5713234390825209
60388,471,9,42.0,0.19715790916097792
60389,558,9,53.0,0.1497159573948303
60390,558,8,67.0,0.10261465425780902
60391,558,9,47.5,0.06939594328419485
60392,558,9,35.5,0.23439227988087957
60393,555,8,47.0,0.7988510889804235
60394,558,8,80.0,0.27216435215053186
60395,558,10,27.0,0.2058154783639452
60396,523,9,37.5,0.22309639057866804
62238,468,19,17.0,0.1034615785955717
62239,463,22,13.0,0.09114028054650333
62241,392,19,11.0,0.07545458029141017
62242,457,20,13.0,0.08001234011061342
62244,462,17,18.0,0.09003258872703311
62245,432,19,15.5,0.12911925856765993
62246,457,23,15.0,0.09133728162390398
62247,462,16,23.0,0.08688206425997842
62248,460,17,14.0,0.10543576801413046
62249,462,16,21.0,0.1272968483155843
62250,461,16,15.0,0.12877133563818077
62251,460,19,13.0,0.08520182111696745
62252,460,22,12.0,0.07889385589671097
62253,430,15,22.5,0.15905620029350054
62254,456,20,15.0,0.08350953042128673
62255,424,20,13.0,0.07176672651945637
62785,449,15,22.0,0.18446614239153103
62786,427,14,17.0,0.27440152292897685
62787,449,12,23.0,0.21872736322154246
62788,429,14,13.0,0.19592386006166684
62789,434,13,13.5,0.3384066480770658
62790,441,14,26.0,0.3605612813919135
62791,433,13,24.0,0.30632779839421076
62792,444,11,29.5,0.19936438977931442
62793,423,10,25.0,0.1266404554249334
62794,435,21,3.0,0.35117148136186466
62795,432,11,31.0,0.38292495157798356
62796,412,15,20.5,0.14334624750214392
62797,435,11,22.5,0.3005070799536895
62798,431,20,1.0,0.44770284910879965
62799,429,12,14.0,0.13529501312019576
62800,434,11,15.0,0.13168396581353203
62801,432,10,35.0,0.13895405488967683
62802,447,18,28.0,0.45200722069884236
63159,391,13,19.0,0.2940149988369045
63160,383,14,25.0,0.3212625208027209
63161,419,10,26.0,0.6747328595385511
63162,414,10,23.0,0.3188808982127073
63164,387,10,24.0,0.2474890309014235
63165,396,14,25.0,0.12159367323082859
63166,378,12,23.0,0.20800721111778944
63167,379,4,78.0,1.5666384456887046
63168,388,12,22.0,0.24802903232078677
63170,391,4,51.0,9.805657728965308
63171,384,15,17.0,0.13346656582463634
63172,377,12,26.0,0.39289318131817197
63173,388,9,49.5,0.7691845124989687
63174,388,13,22.0,0.25966268827708006
63175,397,9,36.0,0.4556611903589029
63176,395,14,19.0,0.12253368024043354
66033,170,7,22.0,0.0975447890638037
66034,175,8,8.0,0.11243039481515638
66035,173,5,6.0,0.07473949546070013
66036,151,6,23.0,0.08311885943676245
66037,130,3,38.5,0.11423387589621319
66038,172,6,22.0,0.11389328670232679
66039,167,5,28.0,0.11239351560722811
66040,142,5,27.0,0.09805261059514159
66041,165,5,25.0,0.08771032785395781
66042,165,10,7.0,0.07825461515361454
66044,145,7,16.0,0.11268531461741205
66045,168,6,6.0,0.11991754676122213
66046,149,8,6.0,0.07538249276789243
66047,136,10,5.0,0.1809972562183232
66048,166,8,7.0,0.43459512774317133
66049,168,8,16.0,0.09243795094557428
66050,171,5,35.0,0.09893286663435827
