STATE,age_bin,n,bias_R,bias_T,bias_N,sd_R,sd_T,sd_N,dr_p50,dr_p95,kurt_T
ascent,"(0, 6]",2548,-3.514,-29.639,-0.012,15.022,216.213,0.376,0.228,507.976,16.875
ascent,"(6, 12]",3648,-7.346,-100.934,-0.009,21.07,303.008,0.505,40.978,801.456,5.034
ascent,"(12, 24]",7486,-37.808,-246.167,-0.013,82.42,693.415,0.482,185.854,1767.212,1.839
ascent,"(24, 48]",14724,-229.198,-368.974,-0.015,442.544,1722.146,0.509,666.655,4264.569,0.594
ascent,"(48, 96]",29239,-1683.609,45.045,0.051,2584.676,3889.942,0.472,2566.545,10772.986,-0.61
ascent,"(96, 168]",44551,-5823.582,3593.14,0.148,4991.363,3683.23,1.023,7687.905,14580.355,1.144
drift,"(0, 6]",6084,-0.731,-6.093,-0.001,6.667,102.127,0.059,0.024,0.219,66.181
drift,"(6, 12]",13010,-0.807,-10.96,-0.004,8.683,111.517,0.037,0.056,1.469,73.981
drift,"(12, 24]",23407,-3.343,-35.187,-0.008,26.999,222.833,0.04,0.112,25.214,59.494
drift,"(24, 48]",44706,-31.549,-103.962,-0.015,220.418,637.487,0.063,0.225,236.681,42.356
drift,"(48, 96]",88429,-185.864,-107.256,-0.015,1282.339,1008.209,0.137,0.529,859.848,35.667
drift,"(96, 168]",126978,-320.677,389.092,-0.044,1645.846,1302.215,0.282,1.573,4026.901,12.29
excursion,"(0, 6]",20,-8.527,-35.414,0.017,16.209,298.337,0.051,0.028,737.475,2.408
excursion,"(6, 12]",26,-8.526,-31.913,0.007,20.502,367.086,0.065,222.376,737.476,-0.023
excursion,"(12, 24]",51,-74.105,-595.406,-0.01,137.019,868.378,0.167,477.539,2578.508,0.594
excursion,"(24, 48]",108,-687.058,-1563.087,-0.023,815.48,2621.733,0.383,1726.326,6137.586,-1.582
excursion,"(48, 96]",249,-5040.933,-1841.702,0.302,4784.912,4889.233,0.451,6903.678,14231.056,-1.703
excursion,"(96, 168]",370,-6854.696,4590.145,-0.179,4880.569,3290.927,1.165,9572.905,14927.752,1.086
operational,"(0, 6]",22060,-0.28,-2.343,-0.001,4.529,62.767,0.047,0.018,0.044,232.818
operational,"(6, 12]",39204,-0.317,-3.652,-0.003,5.521,66.511,0.056,0.034,0.074,266.844
operational,"(12, 24]",77925,-1.126,-9.177,-0.006,33.668,125.228,0.286,0.069,0.154,636.652
operational,"(24, 48]",158761,-6.926,-24.32,-0.015,98.133,305.135,0.289,0.137,0.391,186.559
operational,"(48, 96]",294082,-57.767,-47.637,-0.024,707.875,596.066,0.278,0.275,5.38,117.518
operational,"(96, 168]",428219,-85.169,37.719,-0.048,974.987,559.128,0.349,0.522,18.885,108.246
stranded,"(0, 6]",929,-0.013,0.017,-0.001,0.052,0.782,0.008,0.019,0.062,918.533
stranded,"(6, 12]",1818,-0.034,0.13,-0.001,0.116,2.822,0.013,0.037,0.12,367.089
stranded,"(12, 24]",3452,-0.071,0.42,-0.003,0.251,8.006,0.015,0.078,0.265,480.298
stranded,"(24, 48]",7266,-0.18,1.251,-0.006,1.566,27.342,0.019,0.158,0.564,695.551
stranded,"(48, 96]",13300,-0.849,5.082,-0.011,12.618,92.24,0.032,0.328,1.445,422.337
stranded,"(96, 168]",19955,-2.771,7.662,-0.019,56.694,176.727,0.055,0.661,3.684,555.093
