NORAD_CAT_ID,LAUNCH,first_epoch,status,arrival,days_to_arrival,days_drift,days_ascent,final_alt
60379,2024-140,2024-08-13 13:12:28.646784+00:00,arrived,2024-12-30 11:23:37.739904+00:00,138.9244108,64.31300152,74.61140928,1068.490514826552
60380,2024-140,2024-08-13 13:12:57.812832+00:00,arrived,2024-12-23 20:04:31.932480+00:00,132.28581157,73.44631960000004,58.83949196999996,1068.5110923969487
60381,2024-140,2024-08-13 13:12:47.242656+00:00,arrived,2024-12-17 09:38:28.673664+00:00,125.85117397,65.97065266999998,59.88052130000003,1068.5009983459931
60382,2024-140,2024-08-13 13:12:44.975520+00:00,arrived,2025-01-14 21:27:24.552288+00:00,154.34351362,85.87148730999999,68.47202631000002,1068.5084944708456
60383,2024-140,2024-08-13 13:12:36.438336+00:00,arrived,2024-12-09 10:22:38.796672+00:00,117.88197174,57.751516670000015,60.13045506999998,1068.4707972380043
60384,2024-140,2024-08-13 13:12:34.789824+00:00,arrived,2025-01-30 03:42:29.168064+00:00,169.6041016,87.10395810000001,82.5001435,1068.4971308673867
60385,2024-140,2024-08-13 13:12:34.446816+00:00,stranded,,,747.60371423,0.0,798.784780144596
60386,2024-140,2024-08-13 13:12:32.980608+00:00,arrived,2025-01-05 08:12:44.497152+00:00,144.79179996,75.11537630000004,69.67642365999995,1068.490022436431
60387,2024-140,2024-08-13 13:12:31.956768+00:00,arrived,2024-12-23 12:01:59.455776+00:00,131.95101272,59.887177560000026,72.06383515999997,1068.505966363885
60388,2024-140,2024-08-13 13:12:31.451328+00:00,arrived,2025-03-11 19:11:27.891168+00:00,210.24926435,108.85053322000005,101.39873112999996,1068.505466622065
60389,2024-140,2024-08-13 13:12:30.672864+00:00,arrived,2024-11-19 23:50:09.138912+00:00,98.44280632,50.382830799999994,48.05997552000001,1068.508358511549
60390,2024-140,2024-08-13 13:12:23.406624+00:00,arrived,2024-11-21 03:00:25.144128+00:00,99.57502011,61.75161081000002,37.82340929999998,1068.498867098253
60391,2024-140,2024-08-13 13:12:22.691232+00:00,arrived,2024-11-20 01:20:34.499040+00:00,98.50569222,62.52555654999999,35.98013567000001,1068.4984959673366
60392,2024-140,2024-08-13 13:12:19.201536+00:00,arrived,2024-11-21 22:32:19.846176+00:00,100.38889635000001,50.703876,49.68502035000001,1068.4906250631575
60393,2024-140,2024-08-13 13:12:18.021312+00:00,arrived,2024-12-18 23:24:20.737728+00:00,127.42503144,72.60040424000005,54.824627199999945,1068.482383050869
60394,2024-140,2024-08-13 13:12:15.539040+00:00,arrived,2024-12-09 10:04:21.904608+00:00,117.86951812000001,58.219049639999994,59.650468480000015,1068.4929363582596
60395,2024-140,2024-08-13 13:12:14.499648+00:00,arrived,2024-12-05 22:23:36.359808+00:00,114.3828919,75.93824760000004,38.44464429999997,1068.5063962888999
60396,2024-140,2024-08-13 13:12:12.578112+00:00,arrived,2025-01-18 10:52:57.167616+00:00,157.90329386,81.24985330999996,76.65344055000003,1068.5088913250406
61552,2024-185,2024-11-13 16:30:04.791744+00:00,stranded,,,8.84139538,6.969962450000001,843.9102953678921
61553,2024-185,2024-11-13 16:35:22.457760+00:00,stranded,,,43.17599298,14.683484839999998,862.5519258390304
61554,2024-185,2024-11-13 16:45:54.504864+00:00,stranded,,,0.0,0.0,815.4538683809792
61555,2024-185,2024-11-13 16:43:52.044960+00:00,stranded,,,94.39656697000001,47.06180479999998,941.1746072715464
61556,2024-185,2024-11-13 16:41:13.896672+00:00,stranded,,,8.216341150000002,6.26103355,837.0375823151926
61557,2024-185,2024-11-13 16:31:58.918368+00:00,stranded,,,0.0,0.0,811.3311804284472
61558,2024-185,2024-11-13 16:43:57.356832+00:00,stranded,,,108.33150514,22.467952839999995,872.6462594030572
61559,2024-185,2024-11-13 16:34:41.587104+00:00,stranded,,,64.01756696999998,61.461337110000024,971.1885723838886
61560,2024-185,2024-11-13 14:47:14.477856+00:00,stranded,,,0.0,0.0,799.7580163251714
61561,2024-185,2024-11-13 14:46:40.876032+00:00,stranded,,,0.0,0.0,796.7948102942737
61562,2024-185,2024-11-13 16:39:38.670912+00:00,arrived,2025-03-31 09:39:42.207840+00:00,137.70837427,62.68601975999998,75.02235451000001,1068.239413777279
61563,2024-185,2024-11-13 16:37:20.924256+00:00,arrived,2025-05-07 11:11:46.075200+00:00,174.77390221,85.18442929999998,89.58947291000001,1071.9826295718076
61564,2024-185,2024-11-13 18:14:34.364544+00:00,stranded,,,74.06370161000002,84.87660447999998,1042.737727949453
61565,2024-185,2024-11-13 18:17:24.520704+00:00,arrived,2025-05-08 10:58:50.819232+00:00,175.69544327,88.79773874000001,86.89770452999998,1069.297725156176
61566,2024-185,2024-11-13 16:39:44.464896+00:00,stranded,,,612.0694283599998,40.05928089000003,905.0637505635405
61567,2024-185,2024-11-13 18:12:07.215840+00:00,stranded,,,58.831315929999974,27.563553660000025,885.080228260741
61568,2024-185,2024-11-13 16:22:33.902976+00:00,stranded,,,0.0,0.0,797.2271405263664
61569,2024-185,2024-11-13 18:16:53.233536+00:00,stranded,,,54.578724010000045,80.97686561999997,1051.5567844180196
62238,2024-232,2024-12-16 12:58:46.777152+00:00,arrived,2025-03-13 06:48:00.477504+00:00,86.74251968,37.8978623,48.84465738,1068.4734282020231
62239,2024-232,2024-12-16 12:58:41.703744+00:00,arrived,2025-03-28 04:44:21.943680+00:00,101.65671574,54.73094662,46.92576912,1068.4800460421711
62240,2024-232,2024-12-16 12:56:47.983200+00:00,stranded,,,0.0,0.0,806.608697804405
62241,2024-232,2024-12-16 14:32:58.578720+00:00,arrived,2025-05-31 12:27:38.432448+00:00,165.91296127,72.26302484,93.64993643000001,1068.47892530752
62242,2024-232,2024-12-16 14:35:32.928000+00:00,arrived,2025-04-03 16:26:09.832992+00:00,108.07681602999999,56.67015133,51.406664699999986,1068.4747749184398
62243,2024-232,2024-12-15 23:24:39.254112+00:00,stranded,,,0.0,0.0,809.6782560648844
62244,2024-232,2024-12-14 08:39:15.848640+00:00,arrived,2025-03-24 12:43:38.082432+00:00,100.16970178,49.09693395999999,51.07276782000001,1068.4767205848439
62245,2024-232,2024-12-16 12:49:46.231968+00:00,arrived,2025-04-18 18:08:55.060512+00:00,123.22162996,55.62584106000001,67.59578889999999,1068.4757964390765
62246,2024-232,2024-12-16 01:02:44.337408+00:00,arrived,2025-04-24 19:26:21.066720+00:00,129.76639733000002,76.57198815,53.19440918000002,1068.480498010692
62247,2024-232,2024-12-16 06:05:42.979488+00:00,arrived,2025-03-27 04:18:27.315648+00:00,100.92551315,45.68603707,55.23947608,1068.4765129735424
62248,2024-232,2024-12-15 23:21:42.243840+00:00,arrived,2025-03-23 13:07:22.846080+00:00,97.57338659999999,46.522869509999985,51.05051709,1068.4793662522507
62249,2024-232,2024-12-16 12:49:36.801408+00:00,arrived,2025-04-02 05:12:30.096000+00:00,106.68256128,54.16348309,52.51907819,1068.4999400710622
62250,2024-232,2024-12-14 12:00:30.271968+00:00,arrived,2025-03-28 04:04:06.669696+00:00,103.66917126999999,53.99414021999999,49.67503105,1068.4739389620645
62251,2024-232,2024-12-14 13:41:27.300768+00:00,arrived,2025-03-26 11:44:33.240768+00:00,101.91881875,51.89307559999999,50.02574315000001,1068.4759452577582
62252,2024-232,2024-12-14 13:41:26.130912+00:00,arrived,2025-03-24 20:13:38.911008+00:00,100.27237014,49.308825049999996,50.96354509000001,1068.479825569747
62253,2024-232,2024-12-14 12:00:24.655104+00:00,arrived,2025-04-20 11:05:49.039296+00:00,126.96208777999999,61.296735880000014,65.66535189999998,1068.4720024838016
62254,2024-232,2024-12-14 13:41:22.331904+00:00,arrived,2025-03-30 09:45:40.705632+00:00,105.83632376999999,52.36455113999999,53.471772630000004,1068.4841119240505
62255,2024-232,2024-12-14 13:41:21.136128+00:00,arrived,2025-04-26 04:07:57.695520+00:00,132.60181203,53.24620540000001,79.35560662999998,1068.4774775394453
62785,2025-016,2025-02-05 19:17:30.491232+00:00,arrived,2025-04-05 00:40:57.108000+00:00,58.22461362,14.13099304,44.09362058,1068.4944759978052
62786,2025-016,2025-02-05 19:17:00.953664+00:00,arrived,2025-04-24 10:52:41.618208+00:00,77.64977621,22.672541290000005,54.977234919999994,1068.4825924998513
62787,2025-016,2025-02-05 19:16:21.650304+00:00,arrived,2025-04-09 05:27:40.759776+00:00,62.424526730000004,17.527433000000006,44.89709373,1068.483670978615
62788,2025-016,2025-02-05 19:15:56.423232+00:00,arrived,2025-04-23 11:50:39.633792+00:00,76.6907779,18.947086379999988,57.74369152000001,1068.485561532622
62789,2025-016,2025-02-05 19:16:04.394496+00:00,arrived,2025-04-17 12:07:20.027424+00:00,70.70226427,20.07607846,50.626185809999996,1068.4954074984903
62790,2025-016,2025-02-05 19:15:43.686144+00:00,arrived,2025-04-10 18:10:20.969760+00:00,63.95459819,13.926052699999993,50.02854549000001,1068.4827302952422
62791,2025-016,2025-02-05 19:15:41.093280+00:00,arrived,2025-04-18 21:56:02.760576+00:00,72.11136189,18.34522867,53.76613322,1068.4844922395378
62792,2025-016,2025-02-05 19:15:36.621216+00:00,arrived,2025-04-27 12:17:59.292384+00:00,80.70998462,33.792030819999994,46.91795380000001,1068.512242540346
62793,2025-016,2025-02-05 19:15:33.904800+00:00,arrived,2025-04-28 09:55:26.137344+00:00,81.61102121,16.072039030000003,65.53898218,1068.5013896873384
62794,2025-016,2025-02-05 19:15:33.305184+00:00,arrived,2025-04-16 09:45:16.606944+00:00,69.6039734,15.778321409999993,53.82565199000001,1068.484543683183
62795,2025-016,2025-02-05 19:15:32.767776+00:00,arrived,2025-04-22 14:34:49.722816+00:00,75.80505735,20.968347259999994,54.836710090000004,1068.4988395390255
62796,2025-016,2025-02-05 19:15:27.433440+00:00,arrived,2025-05-08 20:44:30.328224+00:00,92.06183906,26.203778330000006,65.85806072999999,1068.5130711583083
62797,2025-016,2025-02-05 19:15:19.272096+00:00,arrived,2025-04-16 20:47:58.896096+00:00,70.0643475,18.958070950000003,51.10627654999999,1068.4789730765287
62798,2025-016,2025-02-05 19:15:15.769440+00:00,arrived,2025-04-20 10:13:37.582752+00:00,73.62386357999999,20.16056214,53.463301439999995,1068.5051726563288
62799,2025-016,2025-02-05 19:15:07.744608+00:00,arrived,2025-04-26 10:18:28.783584+00:00,79.62732684,24.724889330000003,54.90243751,1068.496533751184
62800,2025-016,2025-02-05 19:15:04.046688+00:00,arrived,2025-04-19 18:38:49.636032+00:00,72.97483321,20.830587740000002,52.14424547,1068.4978841526117
62801,2025-016,2025-02-05 19:15:00.950112+00:00,arrived,2025-04-21 00:50:59.004960+00:00,74.23331082,22.07480719999999,52.158503620000005,1068.4869909318786
62802,2025-016,2025-02-05 19:14:59.609184+00:00,arrived,2025-05-21 09:33:15.266304+00:00,104.59601455,56.67962018999998,47.91639436000003,1068.4806119214682
63159,2025-046,2025-03-24 20:16:12.904320+00:00,arrived,2025-05-29 00:10:46.323840+00:00,65.1628868,34.334146510000004,30.828740289999992,1068.4923153582877
63160,2025-046,2025-03-24 20:25:00.333120+00:00,arrived,2025-06-07 12:55:08.770080+00:00,74.68759765,33.45600890999997,41.23158874000002,1068.5172069024056
63161,2025-046,2025-03-24 18:41:03.516288+00:00,arrived,2025-05-01 02:55:57.362016+00:00,37.343678770000004,16.587788469999996,20.755890300000008,1068.4719694130263
63162,2025-046,2025-03-24 20:38:37.827456+00:00,arrived,2025-05-06 19:48:56.094336+00:00,42.9654892,15.876951040000003,27.08853816,1068.5070760849894
63163,2025-046,2025-03-24 20:19:00.682752+00:00,stranded,,,0.0,0.0,906.8244250379994
63164,2025-046,2025-03-24 18:34:32.279808+00:00,arrived,2025-06-03 13:29:52.575648+00:00,70.78842935,40.00717607000001,30.781253279999994,1068.5403550492383
63165,2025-046,2025-03-24 18:44:22.760736+00:00,arrived,2025-05-25 20:33:24.163488+00:00,62.07571068,45.57102939999999,16.504681280000007,1068.5080682201033
63166,2025-046,2025-03-24 18:35:50.540064+00:00,arrived,2025-06-12 15:27:44.512416+00:00,79.86937467999999,45.21075252,34.65862215999999,1068.4758497198363
63167,2025-046,2025-03-24 18:36:02.583360+00:00,arrived,2025-06-27 10:38:44.632896+00:00,94.66854224,46.19786932000001,48.470672919999984,1068.5092808301342
63168,2025-046,2025-03-24 18:43:26.988672+00:00,arrived,2025-06-01 23:52:29.907840+00:00,69.21461712,37.07138496,32.14323216,1068.5095637725453
63169,2025-046,2025-03-24 20:25:54.917184+00:00,stranded,,,15.057434709999999,11.588966110000005,1028.2015174212593
63170,2025-046,2025-03-24 19:00:59.198976+00:00,arrived,2025-05-29 13:00:14.830848+00:00,65.74948648,37.87826165,27.871224830000003,1068.5236723441549
63171,2025-046,2025-03-24 18:44:21.003360+00:00,arrived,2025-06-08 11:01:23.025792+00:00,75.67849563,48.905944309999995,26.77255132000001,1068.508964816564
63172,2025-046,2025-03-24 20:17:25.393920+00:00,arrived,2025-06-13 10:19:17.534784+00:00,80.58463126,50.789094420000005,29.79553683999999,1068.4904413354861
63173,2025-046,2025-03-24 18:30:46.788768+00:00,arrived,2025-06-02 08:53:22.051968+00:00,69.59901925,42.89810436000001,26.700914889999993,1068.4683242809297
63174,2025-046,2025-03-24 18:34:08.461920+00:00,arrived,2025-06-13 13:33:21.880512+00:00,80.79112753000001,50.48754381000001,30.30358372,1068.513743606759
63175,2025-046,2025-03-24 18:29:39.982560+00:00,arrived,2025-05-24 09:11:31.032384+00:00,60.61239641,25.6359956,34.97640081,1068.5114414819582
63176,2025-046,2025-03-24 18:34:24.953088+00:00,arrived,2025-05-25 14:23:06.606528+00:00,61.825482099999995,25.0942746,36.7312075,1068.5126908391703
66033,2025-233,2025-10-29 23:20:12.238368+00:00,arrived,2026-01-05 11:50:16.507968+00:00,67.52088275,16.72311148,50.79777127,1068.4771946000824
66034,2025-233,2025-10-29 23:19:40.704096+00:00,arrived,2026-01-01 01:07:53.780736+00:00,63.07515135,12.500698900000002,50.574452449999995,1068.5269868301057
66035,2025-233,2025-10-29 23:18:34.740288+00:00,arrived,2026-01-02 18:25:42.927744+00:00,64.79662254,14.348276940000007,50.448345599999996,1068.5376817680726
66036,2025-233,2025-10-29 23:18:20.256192+00:00,arrived,2026-01-26 10:47:40.552224+00:00,88.47870713,32.96769610999999,55.51101102000001,1068.4825961743954
66037,2025-233,2025-10-29 23:18:07.749792+00:00,arrived,2026-02-13 23:30:53.087040+00:00,107.00885806999999,47.10044873,59.90840933999999,1068.4824473553795
66038,2025-233,2025-10-29 23:17:46.770144+00:00,arrived,2026-01-04 11:47:00.820608+00:00,66.52030151,14.059570860000004,52.46073064999999,1068.4787415805677
66039,2025-233,2025-10-29 23:17:40.673760+00:00,arrived,2026-01-07 19:28:07.603968+00:00,69.84058947,15.538636519999995,54.30195295,1068.442610058455
66040,2025-233,2025-10-29 23:17:26.857536+00:00,arrived,2026-02-01 18:25:28.139520+00:00,94.79723706,41.16998246,53.6272546,1068.478002998334
66041,2025-233,2025-10-29 23:17:21.077376+00:00,arrived,2026-01-09 14:31:09.322464+00:00,71.63458616999999,21.862877219999987,49.771708950000004,1068.454030408796
66042,2025-233,2025-10-29 23:17:20.224608+00:00,arrived,2026-01-09 16:04:58.638432+00:00,71.69975016000001,21.974212029999993,49.72553813000002,1068.5107396374015
66043,2025-233,2025-10-29 23:16:20.766720+00:00,transit_censored,,,329.13766843,0.0,802.2431602176312
66044,2025-233,2025-10-29 23:17:12.553152+00:00,arrived,2026-02-02 23:32:11.137344+00:00,96.01040028,40.67902796,55.33137232,1068.48049066161
66045,2025-233,2025-10-29 23:16:57.649152+00:00,arrived,2026-01-08 22:44:55.840128+00:00,70.97775684,16.253684089999997,54.724072750000005,1068.4808066721598
66046,2025-233,2025-10-29 23:16:46.374816+00:00,arrived,2026-01-26 05:11:21.071904+00:00,88.24623492,35.92640373,52.31983119000001,1068.487861800143
66047,2025-233,2025-10-29 23:16:35.557536+00:00,arrived,2026-02-07 15:53:12.562944+00:00,100.69209497,44.168252829999986,56.52384214000001,1068.4761877771098
66048,2025-233,2025-10-29 23:16:31.442304+00:00,arrived,2026-01-09 13:09:19.429056+00:00,71.57833318,17.422064139999996,54.156269040000005,1068.4744350240599
66049,2025-233,2025-10-29 23:16:24.792096+00:00,arrived,2026-01-09 04:28:23.567232+00:00,71.21665249,16.94024035,54.276412140000005,1068.477216647304
66050,2025-233,2025-10-29 23:16:05.649312+00:00,arrived,2026-01-06 10:36:20.248128+00:00,68.47239119,12.347088430000001,56.12530276,1068.4785137591634
68636,2026-075,2026-04-15 16:20:20.638752+00:00,arrived,2026-06-10 02:34:46.659072+00:00,55.426690050000005,16.937116840000005,38.48957321,1068.5090493318176
68637,2026-075,2026-04-15 12:54:52.742016+00:00,arrived,2026-05-29 04:32:14.073792+00:00,43.65094134,8.39271858,35.25822276,1068.5052002156153
68638,2026-075,2026-04-14 21:41:14.579808+00:00,arrived,2026-06-06 23:40:13.063584+00:00,53.08262134,10.703389720000008,42.37923162,1068.5077485320862
68639,2026-075,2026-04-15 12:52:10.822368+00:00,arrived,2026-06-03 11:30:00.497088+00:00,48.94293604999999,10.708773409999996,38.23416264,1068.498830352617
68640,2026-075,2026-04-15 12:50:26.542752+00:00,arrived,2026-06-11 21:23:51.973728+00:00,57.35654434,19.109741310000004,38.246803029999995,1068.5112577530008
68641,2026-075,2026-04-15 14:29:34.094976+00:00,arrived,2026-06-07 03:46:09.030144+00:00,52.55318212,9.97776768999999,42.575414430000016,1068.4832061487086
68642,2026-075,2026-04-15 12:48:23.092704+00:00,arrived,2026-05-30 22:16:18.609888+00:00,45.39439256,7.4661467,37.928245860000004,1068.49539463753
68643,2026-075,2026-04-14 21:38:34.437408+00:00,arrived,2026-06-14 21:02:12.409728+00:00,60.974745049999996,14.314677129999998,46.66006792,1068.4933442340525
68644,2026-075,2026-04-15 14:28:51.854880+00:00,arrived,2026-06-04 17:16:27.626016+00:00,50.11638624,11.149557489999996,38.96682875,1068.5012188199835
68645,2026-075,2026-04-14 21:34:52.633056+00:00,arrived,2026-06-08 21:31:00.012288+00:00,54.997307629999995,17.853245199999996,37.14406242999999,1068.4945568380908
68646,2026-075,2026-04-15 14:28:31.994112+00:00,arrived,2026-06-05 05:47:05.780832+00:00,50.63789105,10.127791920000004,40.51009913,1068.5103593185622
68647,2026-075,2026-04-15 14:28:13.913184+00:00,arrived,2026-06-12 17:40:23.970720+00:00,58.13344974,17.830213120000003,40.30323662,1068.510934390063
68648,2026-075,2026-04-15 14:28:02.097120+00:00,arrived,2026-06-04 00:46:35.882400+00:00,49.429557700000004,14.583954960000003,34.845602740000004,1068.4981046263724
68649,2026-075,2026-04-15 14:27:54.163872+00:00,arrived,2026-06-08 12:44:49.288992+00:00,53.9284158,11.922514969999991,42.00590083000001,1068.4849809541993
68650,2026-075,2026-04-13 11:57:49.220640+00:00,arrived,2026-06-08 12:01:21.259200+00:00,56.002454150000005,11.818260359999991,44.18419379000001,1068.511024417241
68651,2026-075,2026-04-15 14:27:49.990752+00:00,arrived,2026-06-08 12:37:50.528928+00:00,53.92361734,15.764520659999995,38.159096680000005,1068.4867447370998
68652,2026-075,2026-04-15 14:27:46.168416+00:00,arrived,2026-06-03 20:58:00.521760+00:00,49.27099946,11.111876200000001,38.159123259999994,1068.497660004306
68653,2026-075,2026-04-14 21:37:44.795424+00:00,arrived,2026-06-13 01:29:06.797472+00:00,59.16067132,17.06661055999998,42.09406076000002,1068.5130656464362
69073,2026-104,2026-05-18 13:52:49.376928+00:00,arrived,2026-07-22 02:21:44.462592+00:00,64.52008201000001,15.598193489999998,48.92188852000001,1068.4822617909394
69074,2026-104,2026-05-18 12:13:48.145728+00:00,arrived,2026-07-22 13:11:08.223072+00:00,65.03981571,18.72869329,46.311122420000004,1068.4987127665809
69075,2026-104,2026-05-18 13:50:45.501792+00:00,arrived,2026-08-10 19:56:45.919392+00:00,84.2541715,34.15098701999998,50.103184480000024,1068.4990508264473
69076,2026-104,2026-05-18 12:10:16.889952+00:00,arrived,2026-07-17 13:49:03.755424+00:00,60.06859798,17.81829412,42.25030386,1068.5057128183935
69077,2026-104,2026-05-18 13:49:58.444032+00:00,arrived,2026-07-26 18:43:14.441664+00:00,69.20365738,21.206492269999977,47.99716511000001,1068.490735299768
69078,2026-104,2026-05-18 12:13:02.949888+00:00,arrived,2026-07-15 05:08:06.161280+00:00,57.70489828,17.42103983999999,40.28385844000001,1068.504717009493
69079,2026-104,2026-05-18 22:20:53.049984+00:00,arrived,2026-07-28 18:40:49.465056+00:00,70.84718072999999,22.95362272000001,47.893558009999985,1068.4724232175872
69080,2026-104,2026-05-18 12:10:02.708256+00:00,arrived,2026-07-24 21:05:55.326048+00:00,67.37213678,20.666358779999992,46.70577800000001,1068.4786423680189
69081,2026-104,2026-05-18 13:50:31.511904+00:00,arrived,2026-07-20 20:37:09.211296+00:00,63.282380780000004,18.64152516,44.64085562,1068.5037065026481
69082,2026-104,2026-05-18 13:50:29.044320+00:00,arrived,2026-07-30 19:00:03.142656+00:00,73.21497799,29.28515417,43.92982381999999,1068.4672513195092
69083,2026-104,2026-05-18 13:50:30.393024+00:00,arrived,2026-07-30 02:55:31.701216+00:00,72.54515402999999,30.27929473000001,42.26585929999998,1068.504897063478
69084,2026-104,2026-05-18 13:50:10.137408+00:00,arrived,2026-07-16 16:03:03.384288+00:00,59.092282950000005,20.17453927,38.91774368000001,1068.5057091438202
69085,2026-104,2026-05-18 13:49:57.937728+00:00,arrived,2026-07-22 01:27:20.871072+00:00,64.48429321,21.831595280000002,42.65269793,1068.4735255771293
69086,2026-104,2026-05-18 13:49:56.049024+00:00,arrived,2026-07-16 17:44:52.590048+00:00,59.163154410000004,14.49263615,44.67051826000001,1068.5015348327333
69087,2026-104,2026-05-18 13:47:03.433920+00:00,arrived,2026-07-25 09:51:38.189088+00:00,67.83651337,18.855516959999985,48.98099641000002,1068.5098797861801
69088,2026-104,2026-05-18 13:50:07.844352+00:00,arrived,2026-07-18 07:33:04.203936+00:00,60.73815231,12.02755375,48.710598559999994,1068.512437293105
69089,2026-104,2026-05-17 14:13:05.602944+00:00,arrived,2026-07-25 13:31:33.601440+00:00,68.97115739,19.138845400000008,49.832311989999994,1068.485102214242
69090,2026-104,2026-05-18 13:49:49.188864+00:00,arrived,2026-07-17 20:49:44.876928+00:00,60.29161676,14.147340149999994,46.144276610000006,1068.509328599629
69104,2026-108,2026-05-28 20:05:51.607104+00:00,arrived,2026-08-11 19:57:21.760704+00:00,74.99409899999999,22.17884740999998,52.81525159000001,1068.503243506901
69105,2026-108,2026-05-28 19:35:22.273728+00:00,transit_censored,,,51.43412036,66.86577781,1068.4383770439654
69106,2026-108,2026-05-28 19:55:38.156736+00:00,arrived,2026-07-27 19:27:43.557984+00:00,59.98061807,14.433685330000001,45.546932739999995,1068.49343242342
69107,2026-108,2026-05-28 19:50:14.721792+00:00,arrived,2026-08-11 19:50:51.379584+00:00,75.00042428,23.364102779999993,51.63632150000001,1068.4952256078004
69108,2026-108,2026-05-28 19:50:51.611136+00:00,arrived,2026-08-17 05:47:59.594208+00:00,80.41467573,29.671016539999997,50.74365919,1068.4970886099281
69109,2026-108,2026-05-28 19:43:15.716352+00:00,arrived,2026-08-03 11:26:20.635872+00:00,66.65491805,18.11416979,48.540748260000015,1068.495493850638
69110,2026-108,2026-05-28 19:39:55.969056+00:00,arrived,2026-07-29 03:57:13.358880+00:00,61.34534016,12.95065293,48.394687229999995,1068.4837132358825
69111,2026-108,2026-05-28 19:38:10.826304+00:00,arrived,2026-07-26 23:57:12.974112+00:00,59.17988597000001,10.329879750000014,48.85000622,1068.4811851499562
69112,2026-108,2026-05-28 19:33:46.351584+00:00,arrived,2026-08-06 14:07:32.074752+00:00,69.77344586999999,21.247368369999982,48.52607750000001,1068.4940056543765
69113,2026-108,2026-05-28 19:30:26.364096+00:00,arrived,2026-08-07 17:00:05.227776+00:00,70.8955887,23.288987680000005,47.60660102,1068.4869284645456
69114,2026-108,2026-05-28 19:31:18.387264+00:00,arrived,2026-08-07 17:05:53.125152+00:00,70.89901317,19.201293670000013,51.69771949999999,1068.4983269374316
69115,2026-108,2026-05-28 19:30:12.744000+00:00,arrived,2026-08-16 11:19:38.848224+00:00,79.65932991,23.027659429999986,56.63167048000001,1068.4984518725778
69116,2026-108,2026-05-28 19:26:54.104352+00:00,arrived,2026-08-13 02:53:22.312896+00:00,76.31004871,21.52436042000001,54.785688289999996,1068.4811079845758
69117,2026-108,2026-05-28 19:28:35.416992+00:00,arrived,2026-08-06 14:56:15.734976+00:00,69.81088331,16.02968483,53.78119847999999,1068.4975883503412
69118,2026-108,2026-05-28 19:26:54.628800+00:00,arrived,2026-07-30 21:05:43.749312+00:00,63.068624080000006,11.88149955999998,51.187124520000026,1068.4985584349133
69119,2026-108,2026-05-28 19:26:17.253024+00:00,arrived,2026-07-20 17:56:25.734048+00:00,52.93759816,9.35754458,43.580053580000005,1068.4980880908388
69120,2026-108,2026-05-28 14:22:53.084928+00:00,transit_censored,,,57.838431069999984,60.711409970000005,1068.5039012548496
69121,2026-108,2026-05-28 19:26:15.772992+00:00,arrived,2026-08-11 21:18:38.525760+00:00,75.07804112,19.10718359000002,55.970857529999975,1068.5007852211502
69325,2026-121,2026-06-01 22:11:48.956352+00:00,arrived,2026-07-26 06:19:24.976992+00:00,54.33861135,36.75200841,17.58660294,1068.5048217347676
69326,2026-121,2026-06-01 13:22:11.688672+00:00,arrived,2026-07-08 16:54:37.606752+00:00,37.147522200000004,28.85418455,8.293337650000005,1068.5066314615833
69382,2026-124,2026-06-10 21:57:37.633824+00:00,arrived,2026-08-13 22:03:57.411072+00:00,64.00439557,22.466285410000012,41.538110159999995,1068.5039673971096
69383,2026-124,2026-06-10 21:58:25.973760+00:00,arrived,2026-08-14 06:40:29.639712+00:00,64.36254243,15.604294550000006,48.75824788,1068.5019537334047
69384,2026-124,2026-06-10 21:55:30.614592+00:00,arrived,2026-08-14 22:46:28.854048+00:00,65.03539629,19.731004579999983,45.304391710000004,1068.4688901579975
69385,2026-124,2026-06-10 20:15:26.421120+00:00,arrived,2026-08-22 06:50:28.685472+00:00,72.44099843000001,24.677938240000017,47.76306018999999,1068.5105706068002
69386,2026-124,2026-06-10 21:56:06.647712+00:00,arrived,2026-08-21 22:03:16.926624+00:00,72.00498008000001,23.584132890000006,48.42084719,1068.4986043669587
69387,2026-124,2026-06-10 20:15:22.457088+00:00,transit_censored,,,53.617894379999996,51.7149534,1068.4897468449808
69388,2026-124,2026-06-10 20:14:44.045376+00:00,transit_censored,,,54.49147095999999,50.77605207000002,1068.4784035230068
69389,2026-124,2026-06-10 20:15:36.967104+00:00,arrived,2026-08-11 10:01:25.487904+00:00,61.57347825,17.8876008,43.68587745,1068.47684184455
69390,2026-124,2026-06-10 20:15:25.062048+00:00,transit_censored,,,56.084605120000006,49.26044842,1068.5026886470096
69391,2026-124,2026-06-10 23:36:27.220032+00:00,arrived,2026-08-12 20:27:11.071008+00:00,62.868563089999995,15.509238839999998,47.35932425,1068.4733565486408
69392,2026-124,2026-06-10 23:36:20.452320+00:00,arrived,2026-08-19 22:50:59.919360+00:00,69.96851235,23.525866480000005,46.44264586999999,1068.5100120709676
69393,2026-124,2026-06-10 23:36:11.974752+00:00,arrived,2026-08-22 02:29:49.767072+00:00,72.1205763,25.601268499999996,46.5193078,1068.5072120442273
69394,2026-124,2026-06-10 23:36:11.962656+00:00,arrived,2026-08-20 20:31:26.396832+00:00,70.87169484,24.474182640000002,46.3975122,1068.4741447359174
69395,2026-124,2026-06-10 23:36:16.016544+00:00,arrived,2026-08-18 20:25:17.956992+00:00,68.86738357,18.16080803,50.70657554,1068.4887436923168
69396,2026-124,2026-06-10 23:36:07.831872+00:00,arrived,2026-08-23 23:13:49.746432+00:00,73.9845129,21.83740287,52.14711003,1068.475607200513
69397,2026-124,2026-06-10 21:55:23.903040+00:00,arrived,2026-08-17 21:34:01.545600+00:00,67.98515789999999,20.79426579999999,47.1908921,1068.504005980098
69398,2026-124,2026-06-10 21:57:39.253824+00:00,arrived,2026-08-21 22:33:21.338784+00:00,72.02479265,28.301642099999995,43.72315055,1068.4974634152304
69399,2026-124,2026-06-10 21:56:00.974688+00:00,arrived,2026-08-16 05:46:46.084224+00:00,66.32691099,24.89225212000001,41.43465886999999,1068.4808507666567
69401,2026-125,2026-06-17 16:35:25.565568+00:00,arrived,2026-08-15 18:10:08.775264+00:00,59.06577789000001,11.688541620000006,47.377236270000004,1068.4848009014195
69402,2026-125,2026-06-17 11:24:41.178240+00:00,arrived,2026-08-17 22:06:36.114912+00:00,61.445774730000004,22.4377528,39.008021930000005,1068.4801709765516
69403,2026-125,2026-06-17 16:28:54.920064+00:00,arrived,2026-08-23 20:40:53.241312+00:00,67.17498056999999,20.86052468999999,46.31445588,1068.4805806878676
69404,2026-125,2026-06-17 14:40:42.544128+00:00,arrived,2026-08-20 20:54:39.986496+00:00,64.25969262,23.374744309999997,40.88494831,1068.5555845297667
69405,2026-125,2026-06-17 14:37:50.850912+00:00,arrived,2026-08-20 19:22:06.308544+00:00,64.19740112999999,21.270381759999992,42.92701937,1068.5588145345582
69406,2026-125,2026-06-17 14:33:39.227328+00:00,arrived,2026-08-24 21:17:35.489184+00:00,68.28051229,22.39250252999998,45.888009760000024,1068.477703523502
69407,2026-125,2026-06-17 16:14:22.409664+00:00,arrived,2026-08-20 14:23:41.454240+00:00,63.923137090000004,21.205516109999998,42.71762098000001,1068.5154816846011
69408,2026-125,2026-06-17 14:31:11.693280+00:00,arrived,2026-08-20 22:59:18.837888+00:00,64.35286047000001,15.71738100000001,48.63547947,1068.5157407428005
69409,2026-125,2026-06-17 16:08:31.401888+00:00,arrived,2026-08-20 05:48:13.933152+00:00,63.569242259999996,22.972183649999998,40.59705861,1068.4647581555087
69410,2026-125,2026-06-17 11:01:15.763008+00:00,arrived,2026-08-16 01:52:12.378720+00:00,59.61871083,17.656033419999993,41.962677410000005,1068.513712372811
69411,2026-125,2026-06-17 14:20:06.388224+00:00,arrived,2026-08-21 22:53:06.472896+00:00,65.35625098,23.486875180000002,41.86937579999999,1068.4848376468835
69412,2026-125,2026-06-17 15:59:50.091072+00:00,arrived,2026-08-20 07:40:55.204032+00:00,63.6535314,19.641045260000006,44.01248613999999,1068.4897946141637
69413,2026-125,2026-06-17 15:58:06.411072+00:00,transit_censored,,,45.967027239999986,52.50509934,1068.5423044330983
69414,2026-125,2026-06-17 15:56:25.629792+00:00,arrived,2026-08-24 22:16:45.831936+00:00,68.26412271,23.280755819999996,44.98336689,1068.4562387891874
69415,2026-125,2026-06-17 17:37:08.960736+00:00,arrived,2026-08-24 20:42:03.942432+00:00,68.12841414,21.472443080000012,46.65597105999999,1068.4986245770551
69416,2026-125,2026-06-17 14:15:16.830720+00:00,arrived,2026-08-21 21:18:20.657376+00:00,65.29379429,23.377930999999993,41.91586329,1068.482287512742
69417,2026-125,2026-06-17 17:35:41.290656+00:00,transit_censored,,,51.451353,46.96531021,1068.4912313645618
69418,2026-125,2026-06-17 16:09:07.094592+00:00,arrived,2026-08-13 03:03:44.506944+00:00,56.45459968,15.038120330000002,41.416479349999996,1068.4894234843778
69800,2026-153,2026-07-13 13:32:01.016160+00:00,transit_censored,,,41.73696518,30.43599776,899.392726880059
69801,2026-153,2026-07-13 11:51:09.506592+00:00,transit_censored,,,49.85303280999999,22.37610432000001,875.9534223587925
69802,2026-153,2026-07-13 15:13:11.760960+00:00,transit_censored,,,52.26682335,19.814186720000002,881.3683596586525
69803,2026-153,2026-07-13 13:31:26.844960+00:00,transit_censored,,,46.77065086999999,25.421697380000005,881.3076470983615
69804,2026-153,2026-07-13 15:07:46.057152+00:00,transit_censored,,,48.957766979999995,23.131209090000006,898.1986384688794
69805,2026-153,2026-07-13 15:06:44.105760+00:00,transit_censored,,,49.22452442999999,22.931766460000006,882.2847155795553
69806,2026-153,2026-07-13 15:08:01.927104+00:00,transit_censored,,,51.39496299999999,20.479339580000016,877.8997895623729
69807,2026-153,2026-07-13 15:07:17.755104+00:00,transit_censored,,,45.23143812,26.918458539999996,888.2019091120392
69808,2026-153,2026-07-13 15:06:39.256992+00:00,transit_censored,,,47.58680688,24.534005350000005,898.1935994768464
69809,2026-153,2026-07-13 15:05:43.129824+00:00,transit_censored,,,46.86362665,25.226026129999994,895.8159947397285
69810,2026-153,2026-07-13 15:06:43.867296+00:00,transit_censored,,,62.618901910000005,9.650829529999998,843.8796244348741
69811,2026-153,2026-07-13 15:06:24.619968+00:00,transit_censored,,,51.69392718,20.438346909999993,869.9955239960609
69812,2026-153,2026-07-13 15:06:44.339040+00:00,transit_censored,,,48.815808119999986,23.347060800000023,887.5631588397155
69813,2026-153,2026-07-13 15:06:38.195136+00:00,transit_censored,,,52.613591719999995,19.498295640000002,878.1343582213144
69814,2026-153,2026-07-13 16:47:52.488384+00:00,transit_censored,,,58.30465531,13.882376550000007,856.1798554885859
69815,2026-153,2026-07-13 15:05:55.866048+00:00,transit_censored,,,52.77363643000002,19.342875389999982,859.0890172691834
69816,2026-153,2026-07-13 15:05:31.786368+00:00,transit_censored,,,64.68575135999998,7.444213509999997,816.0265629007563
69817,2026-153,2026-07-13 15:05:53.622240+00:00,transit_censored,,,66.30472166999999,5.967402670000006,817.5217552786312
69848,2026-155,2026-07-13 12:56:06.855072+00:00,transit_censored,,,20.06248616,52.56029343,1067.8947460811482
69849,2026-155,2026-07-13 11:18:52.676064+00:00,transit_censored,,,27.98955088999999,44.72012380000001,1070.8103513839178
69850,2026-155,2026-07-13 12:55:47.974080+00:00,transit_censored,,,29.971915650000007,41.371317099999985,990.8013350055007
69851,2026-155,2026-07-13 11:17:01.176864+00:00,transit_censored,,,22.947586819999998,49.557564150000005,1072.834614133004
69852,2026-155,2026-07-13 12:55:58.843200+00:00,transit_censored,,,19.25561211,53.35730701999999,1072.523022595763
69853,2026-155,2026-07-13 04:29:45.839040+00:00,transit_censored,,,20.00536601000001,52.78724751,1068.3839363105144
69854,2026-155,2026-07-13 04:29:47.359680+00:00,transit_censored,,,20.03035785000001,52.765370109999985,1074.3289967788814
69855,2026-155,2026-07-13 12:54:41.630976+00:00,transit_censored,,,16.54127924999999,55.83507134000001,1067.3382801794223
69856,2026-155,2026-07-13 04:29:39.011712+00:00,transit_censored,,,15.884385770000005,56.8452559,1083.9523070287369
69857,2026-155,2026-07-13 12:55:04.437120+00:00,transit_censored,,,19.93029644999999,52.460226990000024,1061.9019158938263
69858,2026-155,2026-07-13 04:29:38.735232+00:00,transit_censored,,,14.684631540000002,57.98797643,1078.5521149356846
69859,2026-155,2026-07-13 11:17:06.037728+00:00,transit_censored,,,17.687780890000013,54.812754539999986,1068.7000709573003
69860,2026-155,2026-07-13 04:32:27.405312+00:00,transit_censored,,,20.134599139999988,52.63390457000001,1043.5232411495163
69861,2026-155,2026-07-13 12:55:10.668288+00:00,transit_censored,,,20.55933610000001,52.043264859999994,1070.6004040726102
69862,2026-155,2026-07-13 12:54:59.204736+00:00,transit_censored,,,15.08991684000001,57.09712680999999,1066.2697226752834
69863,2026-155,2026-07-13 14:35:24.864288+00:00,transit_censored,,,13.291062619999996,59.10879239,1049.2688434138772
69864,2026-155,2026-07-13 12:55:16.417344+00:00,transit_censored,,,35.54893505,36.646865399999996,948.7785020991132
69865,2026-155,2026-07-13 14:35:37.775040+00:00,transit_censored,,,21.06148067,51.147344069999995,1051.3425373989357
69866,2026-155,2026-07-13 14:35:28.589856+00:00,transit_censored,,,13.209632829999999,58.84697590000001,1062.3725468490074
69867,2026-155,2026-07-13 14:35:58.436736+00:00,transit_censored,,,21.133298349999976,51.00215636000003,1065.9369720701325
100692,2026-210,2026-09-15 23:01:27.050304+00:00,transit_censored,,,4.2962323399999995,3.2983685400000002,902.5964469640148
100693,2026-210,2026-09-17 21:25:24.186720+00:00,transit_censored,,,3.6518160899999996,2.296241470000001,902.6950523304522
100694,2026-210,2026-09-17 21:25:22.838880+00:00,transit_censored,,,4.36781164,1.57982553,902.6633314375495
100695,2026-210,2026-09-16 21:21:49.178592+00:00,transit_censored,,,5.155367929999999,0.0,902.5276466956002
100696,2026-210,2026-09-17 21:25:19.401888+00:00,transit_censored,,,5.72827478,0.0,902.5679919693039
100697,2026-210,2026-09-15 23:01:25.445856+00:00,transit_censored,,,4.29607047,0.0,902.4698444334117
100698,2026-210,2026-09-15 21:18:18.669312+00:00,transit_censored,,,2.00485632,0.0,902.3758741436732
100699,2026-210,2026-09-17 21:25:15.993408+00:00,transit_censored,,,5.3701089,0.0,902.5018841680635
100700,2026-210,2026-09-17 09:23:28.948128+00:00,transit_censored,,,5.29845313,0.0,902.4390321533856
100701,2026-210,2026-09-15 23:01:24.734784+00:00,transit_censored,,,6.7304217300000015,0.0,902.4270915975203
