slot<=,drift<,pair_windows,events,even_per_1000,odd_per_1000,even/odd,model_recall,model_precision,share_events_near60,share_pw_near60,cf_events<3km,cf_median_nominal,cf_share>10,cf_share>20
0.5,20,451560,489,2.586373080300726,0.022657583493195174,114.15043802343264,0.9447852760736196,0.9371196754563894,0.9795501022494888,0.00682744264328107,61,9.13599831520006,0.4918032786885246,0.4426229508196721
0.5,50,454860,492,2.5832636473552175,0.026206137477397206,98.57475751942775,0.9451219512195121,0.9337349397590361,0.9796747967479674,0.0068284746955107065,62,10.00086129670333,0.5,0.45161290322580644
0.5,100,456256,497,2.5986699052811337,0.026148869248182653,99.3798194719927,0.9436619718309859,0.9342629482071713,0.9778672032193159,0.006831690980502174,62,10.00086129670333,0.5,0.45161290322580644
1.0,20,527653,587,2.6618242000735566,0.025795384560817456,103.18994058017654,0.948892674616695,0.932998324958124,0.9131175468483816,0.006989441924901403,80,24.238958274553127,0.6,0.5625
1.0,50,532974,592,2.6566001908004946,0.03185758385712511,83.38988300917028,0.9476351351351351,0.9303482587064676,0.9121621621621622,0.006981578838742603,82,23.878482627053465,0.5975609756097561,0.5609756097560976
1.0,100,535489,603,2.6777946933449326,0.03812125736613879,70.24413354538206,0.945273631840796,0.9298531810766721,0.9054726368159204,0.00698240299987488,83,24.49017011109316,0.6024096385542169,0.5662650602409639
1.5,20,534414,593,2.6536166887044077,0.028631691464892774,92.68110100858638,0.9494097807757167,0.9336650082918739,0.9089376053962901,0.006972122736305561,81,25.21112140609249,0.6049382716049383,0.5679012345679012
1.5,50,541186,601,2.6427275469455562,0.04387793159430464,60.2290821586627,0.9467554076539102,0.9312602291325696,0.9051580698835274,0.006955094921154649,84,24.850645758592826,0.6071428571428571,0.5714285714285714
1.5,100,544458,615,2.6668807306718043,0.05308750694821782,50.23556169765348,0.9414634146341463,0.9308681672025724,0.8959349593495934,0.006957377795899776,85,25.21112140609249,0.611764705882353,0.5764705882352941
2.0,20,538051,594,2.6377120557894163,0.03158090870906719,83.52236093295514,0.9494949494949495,0.9322314049586777,0.9074074074074074,0.006965882416350867,82,26.07464985100981,0.6097560975609756,0.573170731707317
2.0,50,545645,603,2.624143912164941,0.04969669485918752,52.80318780957746,0.9469320066334992,0.9299674267100977,0.9038142620232172,0.006945908053771225,85,25.21112140609249,0.611764705882353,0.5764705882352941
2.0,100,549565,619,2.652496441233941,0.058757495446294106,45.14311614351215,0.938610662358643,0.9266347687400319,0.8917609046849758,0.006947312874728194,87,26.938178295927127,0.6206896551724138,0.5862068965517241
